id,race,age,sex,marital,satjob,hapmar,life,postlife,educ,degree,paeduc,maeduc,speduc,income,health,hompop,agewed,sibs,paeindex,educindx,maeindex
1,1,NA,2,2,NA,NA,2,2,12,1,NA,NA,NA,NA,3,1,19,1,NA,2,NA
2,1,33,2,5,1,NA,1,NA,16,4,16,16,NA,16,1,1,NA,2,2,2,2
3,2,43,2,3,4,NA,1,2,15,2,NA,11,NA,10,2,1,21,1,NA,2,1
4,1,31,2,1,1,1,2,1,16,3,9,12,15,16,2,3,27,1,1,2,2
5,1,47,1,3,1,NA,1,NA,16,3,16,12,NA,17,1,1,22,2,2,2,2
6,1,35,2,3,3,NA,1,NA,17,3,12,12,NA,16,1,2,21,4,2,2,2
7,1,65,1,1,2,1,2,NA,18,4,8,8,20,15,1,2,26,1,1,2,1
8,1,19,1,5,NA,NA,3,1,12,1,16,16,NA,NA,2,5,NA,1,2,2,2
9,NA,26,2,5,1,NA,1,2,10,0,NA,NA,NA,NA,3,4,NA,11,NA,1,NA
10,NA,42,2,1,1,1,1,1,12,1,16,NA,4,9,1,6,22,3,2,2,NA
11,2,49,1,3,NA,NA,2,2,12,1,NA,NA,NA,NA,2,3,22,4,NA,2,NA
12,1,43,2,1,1,1,2,2,12,1,8,12,12,15,2,5,20,1,1,2,2
13,NA,19,2,5,NA,NA,1,1,11,0,NA,9,NA,NA,1,5,NA,3,NA,1,1
14,2,57,2,3,NA,NA,2,2,9,0,NA,NA,NA,NA,3,1,19,11,NA,1,NA
15,2,36,2,1,2,2,2,1,13,1,20,12,16,16,1,5,23,11,2,2,2
16,2,40,2,1,3,1,1,1,16,3,16,12,12,13,NA,6,20,2,2,2,2
17,2,77,2,5,NA,NA,2,2,6,0,NA,NA,NA,NA,2,1,NA,7,NA,1,NA
18,1,84,1,1,NA,1,2,2,8,0,8,8,12,NA,3,2,29,9,1,1,1
19,2,37,2,1,2,1,1,2,16,3,10,10,15,17,1,4,23,10,1,2,1
20,NA,19,1,5,NA,NA,2,1,11,0,12,12,NA,11,2,4,NA,1,2,1,2
21,1,20,2,1,2,1,2,1,12,1,NA,10,8,9,2,4,18,1,NA,2,1
22,1,19,2,5,3,NA,2,1,11,0,NA,11,NA,11,3,5,NA,2,NA,1,1
23,NA,38,1,1,2,1,2,1,16,1,NA,NA,16,14,2,4,26,2,NA,2,NA
24,1,72,2,2,1,NA,2,1,10,0,3,5,NA,15,3,5,26,6,1,1,1
25,NA,40,1,1,1,2,1,1,16,3,14,16,14,14,2,2,26,11,2,2,2
26,2,44,2,4,4,NA,2,1,12,1,7,9,NA,5,2,4,19,2,1,2,1
27,1,86,2,2,NA,NA,3,1,8,0,8,8,NA,10,4,1,35,6,1,1,1
28,1,49,2,3,1,NA,2,1,10,0,NA,8,NA,NA,2,1,21,2,NA,1,1
29,1,52,2,1,1,2,1,1,8,0,NA,NA,12,17,2,2,18,5,NA,1,NA
30,2,35,2,1,2,1,1,2,20,3,12,12,15,14,2,3,29,6,2,2,2
31,1,86,2,2,3,NA,NA,NA,16,3,NA,12,NA,NA,3,1,21,4,NA,2,2
32,1,52,2,1,2,1,2,1,8,0,3,7,8,8,2,3,20,9,1,1,1
33,1,34,2,1,1,1,2,NA,9,0,4,1,11,5,1,4,22,13,1,1,1
34,2,35,1,5,4,NA,2,2,12,1,NA,8,NA,9,2,1,NA,2,NA,2,1
35,1,67,2,1,2,2,2,2,12,1,NA,12,12,NA,2,2,21,2,NA,2,2
36,1,60,2,1,2,2,2,1,12,1,8,8,12,NA,3,2,22,2,1,2,1
37,1,35,1,1,2,2,2,1,16,3,10,12,12,16,1,5,24,3,1,2,2
38,1,23,1,5,2,NA,2,1,12,1,14,12,NA,17,2,5,NA,2,2,2,2
39,1,39,2,1,1,1,2,1,16,3,12,8,16,NA,1,4,28,1,2,2,1
40,1,33,2,1,1,2,2,2,9,0,9,6,6,NA,1,4,22,3,1,1,1
41,1,37,2,3,1,NA,1,1,15,1,NA,12,NA,16,1,3,21,2,NA,2,2
42,1,34,1,1,2,2,2,1,12,1,12,12,12,14,2,6,21,11,2,2,2
43,1,32,2,1,1,1,2,1,12,1,12,12,12,16,2,4,20,3,2,2,2
44,1,39,1,1,1,1,1,1,14,1,12,14,12,16,2,5,28,3,2,2,2
45,1,43,2,1,2,1,2,NA,12,1,15,12,20,17,2,3,29,1,2,2,2
46,1,37,1,1,4,1,3,1,14,1,NA,12,12,NA,2,5,25,5,NA,2,2
47,1,27,2,1,2,1,2,1,12,1,11,8,10,14,1,4,19,1,1,2,1
48,1,21,1,5,2,NA,2,1,12,1,9,12,NA,15,1,4,NA,1,1,2,2
49,1,70,2,1,NA,1,1,1,16,3,12,12,16,14,4,2,28,3,2,2,2
50,1,40,1,1,3,1,1,1,18,4,8,12,12,15,2,4,27,1,1,2,2
51,1,24,1,5,2,NA,1,1,13,1,11,14,NA,16,1,4,NA,4,1,2,2
52,1,60,1,1,1,1,2,1,12,1,8,8,14,17,2,4,23,5,1,2,1
53,1,38,1,1,2,1,1,1,20,4,12,12,18,15,2,5,32,6,2,2,2
54,1,36,1,1,3,1,2,1,16,3,5,5,13,15,1,5,21,1,1,2,1
55,1,78,1,1,NA,1,3,NA,10,0,NA,NA,12,10,4,2,30,3,NA,1,NA
56,1,64,2,1,NA,2,2,1,11,0,NA,NA,12,9,3,6,24,8,NA,1,NA
57,1,29,2,1,1,1,1,1,14,1,11,14,14,15,1,2,26,6,1,2,2
58,1,20,2,1,2,1,2,2,9,0,12,9,12,NA,2,2,18,5,2,1,1
59,1,36,2,1,1,2,2,1,13,1,NA,12,12,13,2,2,29,1,NA,2,2
60,1,23,2,1,2,1,1,2,10,0,NA,15,10,10,1,5,20,2,NA,1,2
61,1,40,1,1,2,2,2,2,13,1,12,10,12,16,1,3,20,2,2,2,1
62,NA,67,2,2,1,NA,1,1,15,2,15,6,NA,13,1,1,20,3,2,2,1
63,1,27,2,4,1,NA,1,1,12,1,NA,NA,NA,12,1,3,21,2,NA,2,NA
64,1,48,1,1,2,3,2,2,15,2,8,12,12,13,3,2,20,2,1,2,2
65,1,46,1,3,2,NA,2,NA,12,0,8,8,NA,16,2,1,31,0,1,2,1
66,1,23,2,5,2,NA,2,1,13,1,NA,12,NA,15,1,5,NA,3,NA,2,2
67,1,67,2,5,1,NA,1,1,17,3,NA,9,NA,3,3,1,NA,2,NA,2,1
68,1,72,2,5,1,NA,1,1,15,1,16,NA,NA,3,2,2,NA,3,2,2,NA
69,2,57,2,4,2,NA,1,1,14,1,10,14,NA,9,2,1,23,1,1,2,2
70,2,67,1,2,1,NA,2,2,11,1,12,NA,NA,10,2,1,21,5,2,1,NA
71,2,55,1,4,1,NA,1,2,12,1,NA,NA,NA,12,1,2,22,5,NA,2,NA
72,NA,23,2,5,1,NA,2,NA,12,1,NA,NA,NA,9,2,2,NA,13,NA,2,NA
73,1,28,2,3,1,NA,1,1,16,3,12,19,NA,15,2,1,20,3,2,2,2
74,1,26,2,5,1,NA,1,1,17,3,12,12,NA,15,1,1,NA,2,2,2,2
75,1,47,2,1,1,1,1,1,15,1,12,12,17,17,2,4,21,2,2,2,2
76,1,68,1,5,2,NA,1,2,12,1,9,9,NA,13,2,1,NA,3,1,2,1
77,1,27,1,1,2,1,1,1,14,1,11,12,13,12,1,3,21,4,1,2,2
78,1,53,2,3,2,NA,2,2,2,0,4,4,NA,6,1,1,33,9,1,1,1
79,1,31,2,1,2,1,2,1,12,1,16,16,14,15,2,4,25,3,2,2,2
80,1,38,2,3,2,NA,1,1,14,2,12,12,NA,14,1,3,NA,4,2,2,2
81,2,31,2,1,2,2,2,1,15,2,14,12,15,16,3,2,25,7,2,2,2
82,1,27,2,1,2,2,2,NA,12,1,NA,11,12,16,2,3,19,1,NA,2,1
83,1,38,2,1,2,2,1,1,13,1,8,6,8,16,2,2,27,3,1,2,1
84,1,62,2,1,2,2,1,1,12,1,12,14,12,16,2,2,20,1,2,2,2
85,1,31,1,1,3,1,1,1,14,1,14,12,12,15,2,5,21,1,2,2,2
86,1,28,2,1,2,1,1,1,15,1,NA,12,14,16,1,2,18,3,NA,2,2
87,1,72,2,1,NA,2,1,1,12,1,8,NA,12,14,3,2,16,9,1,2,NA
88,1,33,2,1,1,1,2,1,12,1,NA,12,14,15,1,4,19,2,NA,2,2
89,NA,25,2,1,2,2,2,NA,11,0,NA,11,11,9,3,3,21,5,NA,1,1
90,1,28,2,4,3,NA,1,1,13,1,2,2,NA,16,1,3,19,1,1,2,1
91,1,68,2,2,1,NA,3,1,6,0,NA,NA,NA,7,2,1,16,4,NA,1,NA
92,1,24,1,1,1,1,2,2,17,3,16,13,14,16,1,2,22,1,2,2,2
93,1,33,2,3,4,NA,1,NA,10,0,NA,NA,NA,9,2,2,16,2,NA,1,NA
94,NA,28,1,5,3,NA,2,2,15,1,NA,12,NA,16,2,1,NA,13,NA,2,2
95,NA,27,1,5,1,NA,1,1,19,4,16,17,NA,16,1,1,NA,2,2,2,2
96,1,47,2,3,1,NA,1,2,12,1,5,14,NA,10,2,1,20,1,1,2,2
97,1,68,1,1,2,2,2,2,17,4,13,16,13,15,1,2,28,3,2,2,2
98,1,23,2,5,1,NA,1,1,16,3,12,13,NA,17,1,6,NA,4,2,2,2
99,1,37,2,1,1,2,1,1,16,3,12,12,16,17,2,4,22,4,2,2,2
100,1,66,1,4,NA,NA,2,2,3,0,6,8,NA,10,3,1,26,4,1,1,1
101,1,27,2,1,1,1,2,1,12,1,16,16,15,14,1,5,19,1,2,2,2
102,2,33,1,4,1,NA,1,1,15,1,12,12,NA,14,1,1,22,3,2,2,2
103,1,76,1,1,NA,1,2,1,8,0,7,7,7,13,2,2,26,11,1,1,1
104,1,89,2,2,2,NA,1,NA,8,0,NA,NA,NA,NA,1,1,27,4,NA,1,NA
105,1,28,1,5,2,NA,1,NA,16,3,12,13,NA,12,1,1,NA,2,2,2,2
106,1,71,2,1,NA,2,2,1,12,1,NA,NA,16,NA,3,2,18,2,NA,2,NA
107,1,51,1,1,1,1,1,1,12,1,9,12,12,16,2,3,19,1,1,2,2
108,1,35,2,1,1,1,2,2,16,3,18,18,16,15,1,4,21,3,2,2,2
109,1,20,2,5,NA,NA,1,1,14,1,16,13,NA,16,2,4,NA,3,2,2,2
110,1,36,2,1,2,2,1,1,15,1,8,12,12,15,1,5,20,1,1,2,2
111,1,32,2,1,1,1,1,1,13,1,0,2,16,13,2,5,18,11,NA,2,1
112,NA,57,1,1,1,2,2,2,9,0,NA,NA,12,15,3,2,40,5,NA,1,NA
113,1,70,1,5,NA,NA,1,2,8,0,8,8,NA,6,1,1,NA,1,1,1,1
114,1,46,1,5,1,NA,1,2,8,0,NA,NA,NA,7,1,1,NA,6,NA,1,NA
115,1,55,1,3,3,NA,2,1,8,0,7,7,NA,5,3,1,26,5,1,1,1
116,1,44,1,3,1,NA,2,2,9,0,8,7,NA,14,3,2,21,5,1,1,1
117,1,59,2,3,2,NA,2,NA,10,0,3,8,NA,9,3,1,31,8,1,1,1
118,NA,29,2,3,1,NA,1,2,14,2,NA,9,NA,12,1,1,18,3,NA,2,1
119,NA,34,2,1,1,2,1,1,9,1,NA,6,13,15,2,5,17,8,NA,1,1
120,1,26,2,5,1,NA,1,2,13,2,8,8,NA,NA,1,3,NA,3,1,2,1
121,2,36,2,1,NA,2,1,1,16,3,4,14,12,7,2,6,34,2,1,2,2
122,2,68,2,3,NA,NA,2,1,8,0,NA,NA,NA,2,4,1,15,3,NA,1,NA
123,2,66,1,4,NA,NA,1,2,4,0,NA,NA,NA,4,4,1,24,8,NA,1,NA
124,2,44,2,5,NA,NA,1,1,8,0,12,8,NA,9,3,3,NA,2,2,1,1
125,2,24,1,5,1,NA,2,1,11,0,NA,12,NA,11,1,4,NA,7,NA,1,2
126,2,64,2,3,1,NA,1,1,15,2,9,12,NA,14,2,2,28,3,1,2,2
127,2,25,2,1,1,2,1,1,12,1,8,8,13,16,2,3,20,13,1,2,1
128,2,51,1,1,3,1,1,1,10,0,8,10,11,16,1,4,19,6,1,1,1
129,2,50,2,1,NA,1,3,1,10,0,NA,NA,8,14,3,2,19,1,NA,1,NA
130,2,46,1,1,4,1,1,1,10,0,NA,8,12,12,3,4,18,9,NA,1,1
131,1,70,2,2,2,NA,2,1,8,0,12,8,NA,8,3,1,30,6,2,1,1
132,1,68,2,3,1,NA,2,1,12,1,NA,NA,NA,NA,1,1,21,2,NA,2,NA
133,1,44,1,5,4,NA,1,1,20,4,12,12,NA,15,1,1,NA,1,2,2,2
134,1,38,1,1,1,2,1,1,12,1,11,13,13,15,2,3,21,0,1,2,2
135,1,26,1,1,1,1,1,NA,12,1,12,12,14,16,1,2,25,7,2,2,2
136,1,68,1,1,2,1,1,1,14,1,16,8,12,16,2,3,30,1,2,2,1
137,1,48,1,1,1,1,2,2,12,1,12,12,12,16,2,2,20,0,2,2,2
138,1,35,1,5,1,NA,1,NA,12,1,8,9,NA,16,2,1,NA,4,1,2,1
139,1,38,2,1,4,1,1,1,13,1,12,10,10,17,2,4,18,6,2,2,1
140,1,54,2,1,1,1,1,1,12,1,12,10,16,17,2,4,20,3,2,2,1
141,1,22,1,5,NA,NA,1,1,16,3,12,12,NA,15,2,3,NA,1,2,2,2
142,1,68,2,1,2,1,2,1,12,0,12,8,16,8,1,3,24,10,2,2,1
143,1,50,1,1,1,1,2,1,12,1,7,11,12,16,2,2,21,2,1,2,1
144,2,46,2,1,2,2,1,1,13,1,11,10,18,15,2,2,19,0,1,2,1
145,2,29,2,1,1,2,1,2,12,1,NA,12,11,15,2,3,24,1,NA,2,2
146,2,30,2,4,2,NA,3,1,12,1,NA,15,NA,1,2,1,18,9,NA,2,2
147,2,NA,2,2,2,NA,2,1,9,0,NA,NA,NA,NA,2,1,19,8,NA,1,NA
148,2,NA,2,4,1,NA,2,2,12,1,9,10,NA,7,2,2,17,0,1,2,1
149,1,38,1,1,3,2,2,1,16,3,12,10,14,15,2,5,28,3,2,2,1
150,1,37,2,1,1,1,2,1,12,1,12,10,12,9,1,3,21,2,2,2,1
151,1,38,1,1,2,2,1,1,16,3,12,12,16,13,1,2,36,3,2,2,2
152,1,21,2,1,1,1,2,1,12,1,9,12,13,15,1,5,19,3,1,2,2
153,1,73,2,2,NA,NA,2,1,16,3,8,12,NA,10,2,1,34,3,1,2,2
154,1,27,1,1,1,1,2,1,10,0,NA,NA,12,10,2,2,21,2,NA,1,NA
155,1,44,2,1,1,1,2,1,16,3,10,9,16,NA,1,5,22,0,1,2,1
156,1,43,1,1,1,1,2,1,14,1,14,12,13,17,2,4,19,5,2,2,2
157,1,41,1,1,3,2,2,1,17,3,20,14,16,17,1,4,22,1,2,2,2
158,1,58,2,2,2,NA,2,1,12,1,14,NA,NA,9,2,1,19,2,2,2,NA
159,1,41,2,1,1,1,2,1,12,1,12,NA,12,15,1,4,18,1,2,2,NA
160,1,75,1,3,NA,NA,2,1,12,1,NA,NA,NA,7,1,1,22,4,NA,2,NA
161,1,37,2,3,1,NA,1,1,16,3,12,12,NA,17,1,1,25,2,2,2,2
162,1,28,2,1,4,2,2,1,12,1,8,8,14,14,1,5,19,5,1,2,1
163,1,67,2,2,NA,NA,1,1,10,0,NA,NA,NA,11,3,2,19,8,NA,1,NA
164,2,48,2,4,1,NA,2,1,10,0,NA,6,NA,9,NA,2,21,2,NA,1,1
165,1,41,2,1,2,1,1,1,14,2,10,11,17,16,2,5,20,1,1,2,1
166,1,44,2,1,2,1,1,1,12,0,12,12,12,15,2,4,19,2,2,2,2
167,1,24,1,1,3,2,2,1,11,0,NA,10,12,11,2,3,21,2,NA,1,1
168,1,27,2,1,1,1,2,1,15,1,8,14,14,14,1,2,25,3,1,2,2
169,1,26,2,1,1,1,1,1,16,3,16,12,16,15,2,2,22,2,2,2,2
170,1,31,1,1,2,1,2,1,12,1,NA,NA,15,11,1,2,17,4,NA,2,NA
171,1,33,2,1,4,1,2,1,14,1,NA,16,14,15,2,2,27,1,NA,2,2
172,2,54,1,1,1,2,2,2,11,0,0,12,12,12,3,2,16,2,NA,1,2
173,1,26,2,1,2,2,2,1,13,1,8,8,15,15,2,4,21,4,1,2,1
174,1,39,1,1,1,1,1,1,14,1,10,12,12,15,2,4,37,5,1,2,2
175,2,20,2,5,2,NA,3,NA,10,0,NA,NA,NA,NA,3,1,NA,0,NA,1,NA
176,1,36,2,1,1,1,1,1,10,0,4,12,15,13,2,2,16,2,1,1,2
177,2,40,1,1,2,3,3,2,11,0,5,12,11,7,3,5,23,6,1,1,2
178,2,32,2,3,2,NA,2,2,11,1,6,12,NA,8,2,3,19,3,1,1,2
179,2,40,1,5,4,NA,2,2,9,0,6,11,NA,3,2,6,NA,8,1,1,1
180,2,30,2,3,2,NA,1,NA,12,1,4,8,NA,6,2,6,17,8,1,2,1
181,2,25,2,5,3,NA,1,NA,13,1,14,14,NA,8,NA,2,NA,2,2,2,2
182,2,23,2,5,3,NA,1,2,16,2,8,10,NA,6,2,2,NA,7,1,2,1
183,1,45,1,3,2,NA,1,2,8,0,NA,12,NA,15,3,1,18,6,NA,1,2
184,1,31,2,3,2,NA,1,1,13,1,18,12,NA,13,1,1,18,4,2,2,2
185,1,40,2,1,1,1,2,2,10,0,9,11,8,13,1,3,33,3,1,1,1
186,1,52,1,3,1,NA,1,1,12,1,8,8,NA,16,2,3,29,3,1,2,1
187,1,83,2,2,1,NA,2,2,14,2,6,6,NA,14,2,1,26,2,1,2,1
188,1,82,1,1,1,1,2,1,20,4,8,10,12,15,2,2,23,4,1,2,1
189,1,70,1,1,NA,1,1,2,16,3,12,14,14,17,3,2,21,1,2,2,2
190,1,60,2,1,1,1,2,1,16,3,8,12,16,15,2,2,21,2,1,2,2
191,1,44,2,3,1,NA,2,1,12,1,10,10,NA,13,3,4,19,1,1,2,1
192,1,60,2,3,2,NA,2,1,12,1,2,8,NA,5,2,1,19,0,1,2,1
193,1,37,1,1,1,1,1,1,16,3,12,12,14,15,1,4,23,1,2,2,2
194,2,70,1,2,NA,NA,3,1,6,0,4,9,NA,5,4,5,19,7,1,1,1
195,1,36,1,5,1,NA,1,1,13,1,8,NA,NA,13,2,1,NA,3,1,2,NA
196,1,49,1,3,NA,NA,1,2,12,1,12,10,NA,5,4,1,20,4,2,2,1
197,1,43,2,1,1,1,1,1,15,2,12,12,15,9,2,4,18,5,2,2,2
198,1,34,1,1,2,1,1,1,14,1,12,11,17,16,1,4,22,3,2,2,1
199,1,36,2,3,1,NA,1,1,12,1,NA,12,NA,11,2,3,17,8,NA,2,2
200,NA,33,2,1,2,1,1,NA,17,3,16,12,17,16,1,4,24,1,2,2,2
201,1,38,1,1,1,1,1,1,14,1,13,12,14,15,2,4,27,6,2,2,2
202,NA,27,2,1,3,1,1,1,14,1,20,14,12,14,3,2,19,11,2,2,2
203,1,20,1,5,4,NA,3,2,12,0,NA,NA,NA,2,2,2,NA,2,NA,2,NA
204,1,60,1,3,2,NA,2,NA,NA,NA,NA,8,NA,14,1,1,22,1,NA,NA,1
205,1,33,2,1,NA,1,2,1,13,1,8,16,12,14,2,5,22,0,1,2,2
206,1,31,2,1,2,3,2,1,12,1,12,12,14,13,1,3,24,7,2,2,2
207,1,54,2,1,NA,2,3,1,14,1,NA,3,3,NA,3,1,21,3,NA,2,1
208,NA,33,2,1,1,1,1,2,15,1,12,12,13,17,2,4,20,2,2,2,2
209,1,37,2,1,2,1,1,2,16,3,14,16,14,17,2,3,20,2,2,2,2
210,1,38,1,1,2,3,3,1,4,0,6,8,10,15,3,2,19,9,1,1,1
211,1,40,2,1,1,1,2,NA,11,0,NA,9,12,16,2,3,17,3,NA,1,1
212,1,36,2,1,4,1,3,2,16,3,12,12,18,17,3,2,21,2,2,2,2
213,1,37,1,1,2,2,1,1,16,3,14,12,14,16,3,4,25,1,2,2,2
214,1,26,2,1,1,1,1,1,12,1,7,17,13,17,2,2,25,2,1,2,2
215,1,41,1,5,1,NA,1,1,15,1,8,13,NA,12,2,1,NA,3,1,2,2
216,1,19,1,5,2,NA,1,1,9,0,12,12,NA,10,2,4,NA,4,2,1,2
217,1,24,1,5,2,NA,2,NA,12,1,14,12,NA,9,2,3,NA,3,2,2,2
218,1,59,1,1,2,1,1,1,16,3,NA,NA,16,15,1,2,28,2,NA,2,NA
219,1,37,2,3,2,NA,1,1,13,1,10,8,NA,10,2,2,19,3,1,2,1
220,1,29,1,5,1,NA,1,2,18,4,16,14,NA,16,2,1,NA,1,2,2,2
221,1,49,1,1,3,2,1,2,16,3,7,10,12,17,2,2,41,2,1,2,1
222,1,25,1,5,4,NA,2,1,12,1,13,12,NA,17,2,4,NA,2,2,2,2
223,2,25,2,5,3,NA,1,1,15,1,NA,14,NA,13,2,2,NA,1,NA,2,2
224,2,28,2,1,1,1,1,1,12,1,12,10,12,15,2,3,18,5,2,2,1
225,1,65,2,3,1,NA,2,1,14,1,NA,12,NA,17,3,3,28,8,NA,2,2
226,1,30,2,5,2,NA,2,1,18,4,20,16,NA,11,2,1,NA,2,2,2,2
227,1,27,1,4,1,NA,1,1,15,1,17,16,NA,13,1,1,25,1,2,2,2
228,1,29,2,5,2,NA,1,1,15,1,16,14,NA,10,2,1,NA,5,2,2,2
229,1,52,2,5,2,NA,1,1,12,1,11,16,NA,15,1,1,NA,2,1,2,2
230,1,23,2,5,2,NA,1,2,14,1,16,14,NA,17,1,4,NA,3,2,2,2
231,1,48,2,3,3,NA,1,1,16,3,8,12,NA,15,2,3,22,4,1,2,2
232,1,58,2,3,1,NA,1,1,12,1,6,12,NA,5,2,2,24,2,1,2,2
233,1,63,2,1,1,1,2,1,12,1,8,6,16,17,1,2,24,3,1,2,1
234,1,19,2,5,2,NA,1,1,14,1,16,12,NA,15,1,3,NA,8,2,2,2
235,1,27,2,1,2,2,2,1,12,1,15,10,10,15,2,2,24,2,2,2,1
236,1,32,2,1,2,1,1,1,12,1,12,11,12,15,3,5,18,4,2,2,1
237,1,32,1,1,1,1,2,1,12,1,10,12,11,15,2,3,19,2,1,2,2
238,1,78,2,2,1,NA,3,NA,7,0,NA,NA,NA,4,4,1,17,7,NA,1,NA
239,1,41,1,1,2,1,2,1,12,1,4,10,12,16,3,2,21,0,1,2,1
240,1,22,1,5,3,NA,2,1,12,1,16,12,NA,9,3,2,NA,2,2,2,2
241,2,24,2,1,1,1,1,1,14,1,NA,NA,13,8,2,1,22,0,NA,2,NA
242,2,47,2,3,1,NA,2,2,7,0,11,9,NA,8,3,1,17,11,1,1,1
243,1,27,1,1,2,1,1,1,13,0,8,10,12,14,2,4,18,3,1,2,1
244,1,53,2,1,1,1,1,1,12,1,8,10,16,17,2,2,18,7,1,2,1
245,1,49,1,1,2,1,1,1,17,3,12,10,15,16,1,2,21,2,2,2,1
246,1,35,2,1,1,1,1,1,18,3,20,20,17,17,2,4,18,NA,2,2,2
247,1,28,2,5,4,NA,2,1,14,1,8,12,NA,11,2,2,NA,5,1,2,2
248,1,22,1,1,1,2,1,2,9,0,NA,16,11,13,2,3,19,1,NA,1,2
249,1,51,2,3,1,NA,1,1,13,1,8,9,NA,14,1,1,18,3,1,2,1
250,1,88,2,2,1,NA,2,1,8,0,NA,NA,NA,4,4,1,18,5,NA,1,NA
251,1,33,2,1,2,1,1,NA,17,3,NA,12,14,17,2,5,21,3,NA,2,2
252,2,28,2,1,1,1,1,1,14,1,12,14,16,15,1,2,25,7,2,2,2
253,1,48,2,1,2,1,1,1,12,1,5,12,13,17,1,2,41,3,1,2,2
254,1,25,2,5,3,NA,1,1,16,3,12,12,NA,13,1,2,NA,3,2,2,2
255,1,26,2,5,4,NA,1,1,16,3,16,14,NA,8,2,2,NA,3,2,2,2
256,1,36,2,3,2,NA,2,1,12,1,12,12,NA,12,3,2,24,2,2,2,2
257,1,37,1,5,1,NA,1,2,20,4,16,12,NA,11,1,1,NA,2,2,2,2
258,1,50,2,1,2,2,2,2,13,1,NA,NA,18,NA,1,1,19,1,NA,2,NA
259,1,56,1,1,2,1,2,2,10,0,NA,4,13,15,2,2,25,8,NA,1,1
260,1,48,2,3,1,NA,1,1,12,1,14,10,NA,6,2,2,21,4,2,2,1
261,NA,30,1,5,2,NA,2,1,18,4,NA,6,NA,14,3,1,NA,3,NA,2,1
262,1,70,1,2,NA,NA,2,1,12,0,NA,12,NA,10,1,1,24,0,NA,2,2
263,1,72,2,5,1,NA,2,NA,12,1,11,12,NA,4,2,1,NA,9,1,2,2
264,1,58,2,2,NA,NA,2,1,13,1,14,12,NA,5,4,1,23,4,2,2,2
265,1,72,2,5,NA,NA,2,2,13,1,12,12,NA,10,3,1,NA,1,2,2,2
266,1,84,2,1,NA,1,2,1,12,1,NA,NA,9,5,3,2,23,2,NA,2,NA
267,1,55,1,1,2,2,2,1,14,1,9,9,12,17,1,5,24,2,1,2,1
268,1,49,1,1,1,1,1,2,14,2,9,NA,18,17,1,4,32,6,1,2,NA
269,1,38,2,1,NA,NA,2,NA,16,3,12,12,17,NA,2,5,19,1,2,2,2
270,1,44,1,1,1,1,1,NA,16,3,12,12,14,16,2,4,25,1,2,2,2
271,2,47,1,4,1,NA,2,2,10,0,9,10,NA,12,3,3,21,20,1,1,1
272,1,20,2,5,1,NA,1,1,12,1,NA,3,NA,9,1,3,NA,4,NA,2,1
273,1,37,2,3,1,NA,2,1,12,1,11,12,NA,1,1,4,21,3,1,2,2
274,1,18,1,5,NA,NA,1,2,11,0,8,NA,NA,NA,2,4,NA,2,1,1,NA
275,1,36,2,1,2,2,2,1,13,1,12,12,16,16,1,4,26,1,2,2,2
276,1,67,2,1,1,1,1,1,12,1,12,12,16,16,1,3,23,3,2,2,2
277,1,38,1,1,2,1,1,2,15,1,12,12,12,17,2,2,31,6,2,2,2
278,1,36,2,1,1,1,2,2,17,4,17,14,17,17,2,3,21,3,2,2,2
279,1,31,2,1,2,1,1,1,17,4,17,12,16,16,1,5,20,4,2,2,2
280,2,77,2,2,NA,NA,1,1,6,0,NA,8,NA,7,1,1,22,10,NA,1,1
281,1,77,2,2,NA,NA,2,1,12,0,NA,NA,NA,7,4,1,26,6,NA,2,NA
282,1,77,2,2,NA,NA,2,1,10,0,8,10,NA,3,2,1,27,2,1,1,1
283,1,28,2,1,NA,NA,3,1,14,2,NA,12,16,16,2,2,19,3,NA,2,2
284,1,42,1,1,1,NA,1,1,16,3,8,12,14,17,1,3,24,NA,1,2,2
285,1,33,1,5,1,NA,2,2,12,1,8,10,NA,10,2,1,NA,3,1,2,1
286,1,20,1,5,2,NA,1,NA,18,4,16,8,NA,12,2,1,NA,0,2,2,1
287,1,28,2,3,1,NA,1,NA,16,3,18,12,NA,15,2,2,22,1,2,2,2
288,2,58,2,1,1,1,1,1,12,1,NA,NA,12,15,1,5,19,2,NA,2,NA
289,2,53,1,1,2,1,2,1,12,1,NA,8,14,15,2,8,24,7,NA,2,1
290,2,27,2,5,3,NA,2,1,12,1,NA,5,NA,4,2,2,NA,6,NA,2,1
291,2,25,2,5,4,NA,1,1,9,0,NA,NA,NA,3,1,3,NA,7,NA,1,NA
292,2,26,1,1,1,1,1,1,12,1,NA,NA,14,6,2,2,26,10,NA,2,NA
293,2,23,2,3,2,NA,2,1,10,0,6,8,NA,4,1,3,18,3,1,1,1
294,2,57,2,1,1,1,1,2,8,0,8,14,8,6,2,3,19,7,1,1,2
295,2,48,2,4,4,NA,2,1,12,1,NA,5,NA,5,2,10,21,8,NA,2,1
296,1,37,2,1,1,1,1,1,13,1,12,10,15,15,2,4,21,2,2,2,1
297,1,27,1,1,1,1,2,1,17,4,16,16,16,16,1,2,22,2,2,2,2
298,1,77,1,1,1,1,2,2,16,3,NA,NA,18,17,2,2,25,4,NA,2,NA
299,1,28,2,1,2,1,2,2,12,1,11,11,12,14,2,5,21,4,1,2,1
300,1,60,1,1,1,2,1,NA,20,4,14,14,12,17,1,2,31,2,2,2,2
301,1,46,2,1,3,2,2,1,12,1,12,14,18,15,1,7,19,10,2,2,2
302,1,38,2,1,2,2,1,1,18,4,10,10,19,17,2,3,36,0,1,2,1
303,1,34,2,1,1,1,1,NA,16,4,16,12,12,16,1,2,NA,1,2,2,2
304,1,NA,1,1,1,1,NA,NA,NA,NA,19,12,NA,NA,1,5,27,0,2,NA,2
305,1,28,1,5,1,NA,2,1,17,3,18,16,NA,17,2,3,NA,2,2,2,2
306,1,19,1,5,2,NA,1,2,11,1,14,12,NA,NA,1,5,NA,2,2,1,2
307,1,61,1,1,2,2,2,2,10,0,12,6,12,16,2,2,25,10,2,1,1
308,1,64,2,1,2,1,2,2,8,0,8,8,8,13,3,2,21,8,1,1,1
309,1,40,2,3,1,NA,2,NA,14,1,NA,NA,NA,8,1,3,24,8,NA,2,NA
310,1,65,2,5,NA,NA,1,1,8,0,NA,NA,NA,NA,1,1,NA,8,NA,1,NA
311,1,26,2,1,3,2,3,2,12,1,9,9,12,13,2,3,20,1,1,2,1
312,1,71,1,2,NA,NA,2,2,7,0,NA,6,NA,11,2,1,26,11,NA,1,1
313,1,68,1,1,NA,1,2,2,7,0,NA,NA,8,11,1,2,24,9,NA,1,NA
314,1,49,1,1,1,1,1,2,20,4,12,12,19,17,1,2,23,1,2,2,2
315,1,58,2,1,4,2,2,1,13,1,NA,NA,12,16,3,2,21,1,NA,2,NA
316,1,41,2,1,2,1,2,2,20,4,16,12,18,16,1,5,31,1,2,2,2
317,1,65,1,1,2,1,1,2,15,1,8,14,12,16,2,2,27,1,1,2,2
318,1,51,1,1,1,2,1,NA,16,3,6,7,16,16,1,4,24,2,1,2,1
319,2,25,1,5,2,NA,1,1,12,1,12,12,NA,12,1,6,NA,7,2,2,2
320,2,56,2,1,3,2,1,1,10,0,NA,NA,10,9,1,4,22,6,NA,1,NA
321,2,65,1,1,2,3,2,1,8,0,3,5,8,5,2,2,21,7,1,1,1
322,1,37,2,3,3,NA,2,2,14,2,5,7,NA,13,1,2,21,3,1,2,1
323,1,26,1,1,3,1,2,1,12,1,9,12,12,15,2,2,17,3,1,2,2
324,1,43,2,1,1,1,2,1,17,3,NA,11,20,16,1,4,22,3,NA,2,1
325,1,23,1,5,2,NA,1,1,16,3,NA,12,NA,11,1,2,NA,2,NA,2,2
326,1,45,2,1,2,1,2,1,14,2,9,8,11,16,2,3,18,13,1,2,1
327,2,61,2,1,2,1,1,1,5,0,NA,NA,6,NA,4,2,15,5,NA,1,NA
328,1,57,2,5,2,NA,2,1,12,1,8,12,NA,NA,1,2,NA,6,1,2,2
329,1,31,1,5,3,NA,1,1,16,3,8,10,NA,12,2,2,NA,2,1,2,1
330,1,63,2,3,1,NA,3,1,5,0,NA,NA,NA,3,4,1,28,4,NA,1,NA
331,2,45,2,3,2,NA,2,2,12,1,NA,12,NA,4,3,2,18,10,NA,2,2
332,2,31,2,5,2,NA,2,2,14,1,12,12,NA,7,2,1,NA,3,2,2,2
333,1,22,1,1,2,1,2,2,12,1,16,13,12,11,2,2,21,5,2,2,2
334,1,30,1,3,2,NA,2,2,12,1,9,9,NA,5,2,1,21,6,1,2,1
335,1,21,2,1,2,1,1,1,12,1,14,15,16,9,1,1,20,2,2,2,2
336,1,21,2,5,2,NA,1,1,14,1,12,12,NA,4,2,2,NA,5,2,2,2
337,1,23,1,5,1,NA,2,2,11,1,8,12,NA,5,2,1,NA,1,1,1,2
338,1,25,1,1,1,1,2,1,14,1,12,12,12,15,2,4,20,1,2,2,2
339,1,43,2,1,1,2,1,2,13,1,NA,8,12,NA,2,4,23,0,NA,2,1
340,1,53,1,1,2,1,2,1,12,1,12,12,12,17,1,2,22,7,2,2,2
341,1,54,2,1,1,1,2,1,8,0,NA,8,7,16,2,4,19,9,NA,1,1
342,1,26,2,1,3,2,2,1,12,1,12,12,12,13,2,3,21,2,2,2,2
343,1,27,1,1,2,1,1,1,12,1,16,12,12,10,2,5,20,3,2,2,2
344,1,41,2,1,1,1,2,2,12,1,12,12,15,NA,1,6,22,6,2,2,2
345,1,57,2,4,3,NA,1,1,13,1,NA,12,NA,NA,3,3,45,2,NA,2,2
346,2,43,2,5,3,NA,2,NA,16,3,12,12,NA,12,1,1,NA,2,2,2,2
347,1,35,1,1,1,1,1,NA,18,4,12,12,16,16,2,4,23,3,2,2,2
348,2,31,2,1,1,1,NA,2,16,3,NA,12,16,15,1,4,26,2,NA,2,2
349,2,49,1,1,NA,1,1,1,13,1,12,7,12,NA,3,2,30,12,2,2,1
350,2,37,1,1,4,2,1,1,14,1,NA,NA,12,16,3,4,19,2,NA,2,NA
351,1,21,1,5,2,NA,1,1,13,1,12,13,NA,3,3,2,NA,3,2,2,2
352,1,22,2,5,1,NA,1,1,15,1,12,12,NA,9,1,2,NA,2,2,2,2
353,1,28,2,5,1,NA,2,2,14,2,12,10,NA,10,2,1,NA,3,2,2,1
354,2,30,1,3,2,NA,1,2,14,2,12,12,NA,15,1,1,21,0,2,2,2
355,1,25,2,1,1,2,1,1,14,2,12,8,14,10,2,2,23,3,2,2,1
356,1,33,1,3,2,NA,1,1,12,1,8,11,NA,15,3,1,19,2,1,2,1
357,1,36,2,1,3,2,2,1,12,1,NA,11,12,15,3,4,21,0,NA,2,1
358,2,20,2,5,3,NA,1,2,12,1,NA,NA,NA,10,2,5,NA,2,NA,2,NA
359,1,NA,2,1,NA,3,2,1,12,0,NA,NA,12,NA,4,2,17,2,NA,2,NA
360,1,39,2,3,1,NA,1,2,12,1,10,12,NA,NA,1,1,17,2,1,2,2
361,1,80,1,1,NA,1,2,1,4,0,8,NA,7,NA,2,2,24,2,1,1,NA
362,1,56,2,1,3,1,2,2,12,1,NA,NA,10,13,2,2,20,2,NA,2,NA
363,2,51,1,1,1,2,3,2,3,0,NA,NA,6,NA,2,3,21,8,NA,1,NA
364,2,25,2,5,2,NA,1,NA,12,0,8,NA,NA,8,3,3,NA,6,1,2,NA
365,2,30,2,4,4,NA,2,NA,11,0,0,4,NA,4,1,4,23,7,NA,1,1
366,2,28,2,4,1,NA,3,1,9,0,NA,12,NA,2,3,3,19,6,NA,1,2
367,2,19,1,5,NA,NA,2,1,12,1,NA,NA,NA,NA,1,4,NA,2,NA,2,NA
368,2,33,2,5,3,NA,2,1,12,1,NA,10,NA,8,2,3,NA,14,NA,2,1
369,1,21,1,5,3,NA,2,1,11,1,7,12,NA,16,2,3,NA,3,1,1,2
370,1,27,1,4,1,NA,1,2,12,1,NA,12,NA,17,2,1,22,1,NA,2,2
371,1,56,2,1,2,1,1,1,8,0,NA,0,8,16,1,3,19,3,NA,1,NA
372,1,27,2,1,1,1,2,2,13,1,NA,12,6,12,1,3,NA,3,NA,2,2
373,1,74,2,2,NA,NA,2,1,10,0,NA,NA,NA,11,2,2,20,0,NA,1,NA
374,1,42,2,1,1,1,2,2,9,0,NA,NA,8,15,2,4,20,3,NA,1,NA
375,1,45,1,1,4,1,2,NA,6,0,12,NA,10,7,2,5,32,1,2,1,NA
376,1,22,2,1,3,1,1,1,13,1,12,12,12,12,3,3,20,1,2,2,2
377,1,40,1,1,NA,1,3,2,8,0,8,3,4,1,2,4,21,2,1,1,1
378,1,29,2,5,4,NA,1,1,14,2,14,15,NA,10,2,1,NA,3,2,2,2
379,1,20,1,5,4,NA,2,1,10,0,NA,NA,NA,1,1,1,NA,3,NA,1,NA
380,1,32,2,1,3,2,1,1,11,0,NA,10,7,10,4,2,19,0,NA,1,1
381,1,57,2,3,1,NA,1,2,12,1,12,12,NA,15,2,7,19,8,2,2,2
382,1,55,1,1,1,1,1,1,12,1,NA,NA,12,17,1,3,24,0,NA,2,NA
383,1,70,2,2,NA,NA,2,1,10,1,8,8,NA,8,2,1,25,5,1,1,1
384,1,76,2,5,NA,NA,2,2,13,1,0,0,NA,7,2,1,NA,5,NA,2,NA
385,1,42,2,1,1,2,1,1,14,1,15,12,12,15,2,6,17,4,2,2,2
386,1,21,1,5,2,NA,2,NA,14,1,12,12,NA,15,2,5,NA,2,2,2,2
387,1,63,1,5,3,NA,2,1,18,4,NA,0,NA,15,3,1,NA,4,NA,2,NA
388,1,36,2,1,2,1,1,1,13,1,7,10,19,17,2,3,20,2,1,2,1
389,1,53,1,1,2,1,1,2,20,4,12,12,12,17,2,5,26,2,2,2,2
390,1,39,2,3,1,NA,1,NA,14,2,16,14,NA,12,2,3,19,2,2,2,2
391,NA,57,1,1,2,1,1,1,18,4,12,12,16,17,2,4,28,1,2,2,2
392,1,46,2,1,3,1,1,NA,12,1,9,9,12,16,1,5,19,2,1,2,1
393,1,21,2,5,3,NA,2,2,13,1,16,16,NA,13,3,4,NA,4,2,2,2
394,1,29,2,1,NA,1,1,1,12,1,NA,NA,12,13,2,5,18,7,NA,2,NA
395,1,28,1,5,2,NA,2,1,16,3,16,16,NA,9,1,2,NA,3,2,2,2
396,1,36,1,4,1,NA,2,2,14,1,12,12,NA,16,2,1,24,3,2,2,2
397,1,32,2,4,2,NA,2,1,12,1,12,13,NA,15,1,2,21,2,2,2,2
398,1,34,1,1,4,2,2,2,9,0,NA,12,10,10,4,4,18,5,NA,1,2
399,1,19,1,5,3,NA,2,1,7,0,NA,NA,NA,2,2,2,NA,9,NA,1,NA
400,1,22,1,5,1,NA,1,NA,12,1,18,16,NA,2,2,1,NA,1,2,2,2
401,1,29,2,4,2,NA,1,1,13,1,8,14,NA,5,2,8,24,9,1,2,2
402,1,44,2,4,3,NA,2,1,10,0,7,9,NA,1,2,3,17,6,1,1,1
403,2,21,2,5,3,NA,1,1,16,1,16,16,NA,1,3,2,NA,6,2,2,2
404,1,23,2,5,NA,NA,2,1,12,1,14,12,NA,8,2,1,NA,4,2,2,2
405,1,67,2,1,2,2,2,1,11,0,7,12,9,7,2,2,16,5,1,1,2
406,1,38,2,1,1,1,1,1,15,1,8,6,13,15,3,5,21,4,1,2,1
407,1,60,2,1,3,2,2,1,12,1,10,9,12,11,2,3,19,2,1,2,1
408,1,55,1,1,1,1,1,1,17,4,6,14,15,15,1,6,25,2,1,2,2
409,1,24,2,1,2,1,1,1,14,2,14,12,13,15,1,3,23,8,2,2,2
410,1,65,2,2,1,NA,2,2,12,1,12,8,NA,9,2,1,24,4,2,2,1
411,1,21,2,5,4,NA,1,2,12,1,NA,8,NA,8,2,2,NA,2,NA,2,1
412,1,30,2,5,2,NA,1,2,13,1,12,12,NA,17,2,6,NA,7,2,2,2
413,1,69,2,2,NA,NA,3,NA,10,0,NA,NA,NA,6,1,1,22,3,NA,1,NA
414,1,26,2,5,NA,NA,2,2,15,2,14,12,NA,15,1,2,NA,2,2,2,2
415,1,28,2,5,2,NA,NA,1,12,1,NA,12,NA,NA,3,1,NA,1,NA,2,2
416,1,24,2,2,NA,NA,1,1,14,1,9,12,NA,10,3,2,20,0,1,2,2
417,1,43,1,1,1,1,1,1,12,1,6,9,14,14,1,3,23,1,1,2,1
418,1,47,2,2,1,NA,1,1,11,0,NA,8,NA,10,1,1,19,4,NA,1,1
419,1,61,1,1,2,1,2,NA,11,0,8,8,7,8,2,2,38,3,1,1,1
420,1,24,1,1,2,1,2,NA,12,1,10,12,12,15,2,2,22,5,1,2,2
421,1,21,1,5,1,NA,3,1,10,0,NA,NA,NA,2,1,3,NA,2,NA,1,NA
422,1,37,1,1,2,1,1,2,19,3,12,12,16,17,1,6,23,4,2,2,2
423,1,56,2,1,NA,1,1,1,16,3,16,12,14,17,3,3,22,2,2,2,2
424,1,48,1,1,1,1,1,1,18,4,12,12,14,17,1,4,26,1,2,2,2
425,1,81,2,1,NA,1,3,1,8,0,3,8,8,11,4,2,22,6,1,1,1
426,1,52,1,1,2,2,2,1,14,1,6,10,8,16,2,4,29,3,1,2,1
427,1,48,2,1,1,2,2,1,12,1,10,12,12,16,1,2,18,7,1,2,2
428,1,76,1,1,NA,1,2,2,7,0,NA,NA,NA,9,3,3,32,8,NA,1,NA
429,1,56,1,3,1,NA,2,1,15,1,16,10,NA,16,2,2,30,2,2,2,1
430,1,48,2,1,1,1,2,1,9,0,6,6,7,NA,3,5,18,3,1,1,1
431,1,49,2,1,1,1,1,1,12,1,8,8,12,16,1,3,19,5,1,2,1
432,1,37,2,1,1,1,1,1,12,1,12,11,12,15,2,4,20,1,2,2,1
433,1,33,1,1,4,2,1,1,12,1,12,12,12,15,2,2,31,3,2,2,2
434,1,35,1,1,2,1,1,NA,20,4,12,8,16,15,1,2,34,3,2,2,1
435,1,22,1,5,2,NA,1,1,12,1,14,12,NA,9,2,1,NA,4,2,2,2
436,1,62,2,2,NA,NA,1,1,0,0,NA,0,NA,3,4,1,21,3,NA,NA,NA
437,1,70,2,2,NA,NA,2,1,14,1,6,9,NA,3,2,1,35,3,1,2,1
438,2,39,2,2,2,NA,2,1,11,0,NA,NA,NA,2,3,4,16,16,NA,1,NA
439,NA,35,2,1,2,3,2,1,2,0,NA,NA,0,4,2,5,20,10,NA,1,NA
440,1,41,2,4,1,NA,1,1,12,1,9,10,NA,5,1,2,37,3,1,2,1
441,1,63,2,1,1,1,1,1,12,1,12,12,11,14,2,2,23,6,2,2,2
442,1,22,2,5,NA,NA,1,2,15,1,12,12,NA,17,1,3,NA,2,2,2,2
443,1,69,2,2,NA,NA,2,NA,12,1,6,10,NA,14,2,1,22,7,1,2,1
444,1,67,2,1,NA,2,2,1,11,0,NA,8,10,15,2,2,18,2,NA,1,1
445,1,71,1,2,2,NA,1,1,8,0,0,8,NA,9,3,1,28,6,NA,1,1
446,1,29,1,1,2,1,1,1,10,0,8,8,12,11,2,4,19,3,1,1,1
447,1,30,2,1,1,1,2,1,15,1,12,10,14,13,2,5,19,1,2,2,1
448,1,39,1,1,1,1,1,1,14,1,12,16,12,16,2,5,23,1,2,2,2
449,1,24,2,5,4,NA,1,1,12,1,NA,11,NA,NA,2,1,NA,2,NA,2,1
450,1,47,2,2,3,NA,2,2,12,1,NA,10,NA,10,2,1,22,1,NA,2,1
451,1,56,1,1,3,1,1,2,12,1,NA,NA,12,9,2,2,21,4,NA,2,NA
452,1,37,1,1,1,2,2,1,12,1,10,12,11,8,2,2,25,1,1,2,2
453,1,23,1,5,4,NA,1,1,16,3,NA,3,NA,10,1,2,NA,4,NA,2,1
454,1,28,2,1,2,2,2,2,12,1,8,12,10,14,2,3,24,3,1,2,2
455,1,77,2,1,NA,1,1,1,14,1,13,10,14,12,2,2,22,2,2,2,1
456,1,24,1,5,1,NA,1,1,16,3,12,12,NA,14,2,1,NA,1,2,2,2
457,1,76,2,3,1,NA,1,1,12,1,NA,NA,NA,5,1,1,27,5,NA,2,NA
458,1,24,2,5,1,NA,2,1,13,1,12,12,NA,10,2,2,NA,3,2,2,2
459,2,30,2,5,1,NA,2,1,12,1,12,8,NA,5,3,3,NA,3,2,2,1
460,2,23,1,5,1,NA,1,1,12,1,12,12,NA,8,1,5,NA,14,2,2,2
461,1,46,2,1,2,1,2,1,12,1,9,10,12,10,2,3,21,3,1,2,1
462,2,52,2,2,1,NA,1,2,11,0,NA,13,NA,4,2,1,24,4,NA,1,2
463,1,65,2,1,2,1,2,1,15,1,NA,12,20,16,1,2,27,4,NA,2,2
464,1,54,1,1,2,2,1,1,12,1,NA,12,12,NA,3,2,27,3,NA,2,2
465,1,28,2,1,1,2,2,1,12,1,12,NA,12,12,1,4,19,4,2,2,NA
466,1,37,2,3,1,NA,1,1,12,1,10,12,NA,15,1,4,19,1,1,2,2
467,1,48,2,1,2,1,2,NA,10,0,12,10,8,15,2,3,16,4,2,1,1
468,1,74,1,5,NA,NA,3,NA,8,0,NA,12,NA,10,3,1,NA,1,NA,1,2
469,1,28,2,1,1,1,2,NA,12,1,NA,12,10,14,2,3,17,4,NA,2,2
470,1,24,2,1,3,1,2,1,12,1,12,12,11,11,3,4,19,5,2,2,2
471,1,44,1,1,1,1,2,1,12,1,10,NA,12,16,2,5,21,3,1,2,NA
472,1,26,2,1,1,2,2,1,16,3,12,12,16,14,1,4,21,2,2,2,2
473,1,58,2,1,3,2,2,2,12,1,NA,NA,8,16,2,3,26,2,NA,2,NA
474,1,38,2,1,2,1,1,1,12,1,12,12,12,13,1,7,19,2,2,2,2
475,1,50,1,1,1,1,1,1,16,3,10,4,12,17,1,3,24,2,1,2,1
476,1,43,2,1,1,1,1,1,16,3,20,18,12,15,1,4,20,2,2,2,2
477,1,19,1,5,NA,NA,2,1,10,0,16,16,NA,15,1,6,NA,3,2,1,2
478,1,67,1,2,NA,NA,3,1,8,0,NA,NA,NA,9,3,1,28,10,NA,1,NA
479,1,30,2,5,1,NA,2,1,16,3,10,12,NA,13,2,2,NA,2,1,2,2
480,1,46,2,2,1,NA,2,1,12,1,12,10,NA,NA,1,2,18,3,2,2,1
481,1,19,1,5,2,NA,2,1,12,1,NA,NA,NA,NA,2,5,NA,5,NA,2,NA
482,1,21,2,5,1,NA,2,2,12,1,12,12,NA,NA,2,3,NA,3,2,2,2
483,1,37,2,1,3,3,2,1,12,1,11,9,14,16,2,5,20,5,1,2,1
484,1,46,1,1,NA,1,1,1,12,1,8,8,12,17,1,3,22,14,1,2,1
485,1,40,2,1,2,2,2,1,12,1,14,12,12,16,2,3,19,5,2,2,2
486,1,61,1,1,1,1,3,1,6,0,7,0,3,16,1,1,21,6,1,1,NA
487,1,25,1,5,1,NA,1,2,15,2,11,10,NA,16,2,3,NA,2,1,2,1
488,1,23,2,5,NA,NA,2,1,13,1,12,12,NA,NA,1,4,NA,1,2,2,2
489,1,50,1,1,4,2,2,NA,12,1,NA,12,16,15,2,4,29,1,NA,2,2
490,1,61,1,1,2,2,2,1,11,0,NA,NA,12,15,2,2,23,3,NA,1,NA
491,1,48,2,1,1,1,1,1,10,0,6,6,10,15,2,2,17,7,1,1,1
492,1,45,1,1,2,2,1,1,14,1,16,12,13,17,3,2,21,1,2,2,2
493,1,28,1,1,2,1,1,1,16,3,16,12,16,16,2,3,24,0,2,2,2
494,1,69,2,3,NA,NA,1,1,16,3,20,12,NA,11,2,1,22,2,2,2,2
495,1,36,2,1,3,3,2,1,12,1,9,12,14,15,1,6,21,2,1,2,2
496,1,45,2,1,1,1,1,1,18,4,11,10,14,17,1,5,23,1,1,2,1
497,1,39,2,3,1,NA,1,1,16,3,NA,12,NA,13,2,3,22,2,NA,2,2
498,1,23,2,5,2,NA,2,1,13,1,NA,NA,NA,NA,3,3,NA,3,NA,2,NA
499,1,24,2,1,1,1,1,2,12,1,9,12,12,15,2,3,20,2,1,2,2
500,1,44,2,1,1,1,2,1,12,1,NA,11,12,NA,2,4,19,4,NA,2,1
501,1,35,2,1,1,1,2,1,14,1,12,14,12,16,2,3,23,1,2,2,2
502,1,53,1,1,3,2,2,2,5,0,NA,0,5,14,3,3,24,3,NA,1,NA
503,1,38,1,1,1,1,1,1,16,3,9,12,15,16,2,4,21,5,1,2,2
504,1,49,2,3,1,NA,1,NA,10,0,NA,12,NA,14,2,5,17,4,NA,1,2
505,1,62,1,1,NA,1,2,1,12,1,NA,NA,12,10,3,3,21,3,NA,2,NA
506,2,58,1,2,NA,NA,3,1,5,0,NA,NA,NA,NA,4,1,18,13,NA,1,NA
507,2,28,2,1,1,1,1,1,11,1,11,11,12,12,3,5,17,7,1,1,1
508,1,77,2,2,1,NA,2,2,8,0,0,0,NA,3,2,1,32,11,NA,1,NA
509,2,39,2,4,3,NA,3,1,12,0,9,3,NA,10,4,4,20,11,1,2,1
510,2,47,2,1,2,2,2,1,11,0,NA,NA,10,11,2,3,21,12,NA,1,NA
511,1,32,2,1,2,2,2,1,15,1,12,12,13,13,2,4,23,2,2,2,2
512,1,32,1,1,1,1,2,2,12,1,11,12,19,16,2,3,26,2,1,2,2
513,1,60,2,1,1,1,1,1,12,1,NA,8,14,17,1,2,24,0,NA,2,1
514,1,25,1,1,2,2,2,2,13,1,11,12,12,9,1,2,24,1,1,2,2
515,1,35,2,5,2,NA,2,1,19,4,12,12,NA,14,1,1,NA,4,2,2,2
516,1,74,2,1,1,1,2,1,8,0,NA,NA,8,14,1,2,17,9,NA,1,NA
517,1,31,1,1,2,1,2,1,11,0,10,NA,10,10,2,4,25,1,1,1,NA
518,1,34,1,1,2,2,2,1,16,3,12,8,12,15,2,6,23,2,2,2,1
519,1,78,1,1,NA,2,1,1,15,1,12,12,12,16,3,2,27,2,2,2,2
520,1,52,2,1,2,1,2,2,16,3,8,8,16,17,1,3,25,10,1,2,1
521,1,32,1,1,1,2,2,1,16,3,12,12,12,15,2,4,27,0,2,2,2
522,1,48,1,1,2,1,1,1,14,1,8,8,12,16,1,5,22,1,1,2,1
523,1,22,1,5,2,NA,2,1,12,1,12,12,NA,NA,2,4,NA,2,2,2,2
524,1,33,1,1,1,1,1,1,16,3,16,12,16,15,2,2,30,5,2,2,2
525,1,76,2,2,1,NA,2,1,11,0,10,8,NA,5,3,1,19,1,1,1,1
526,1,80,2,2,1,NA,2,2,10,0,6,6,NA,NA,2,1,21,10,1,1,1
527,1,88,2,2,3,NA,2,1,9,0,6,0,NA,5,4,1,28,4,1,1,NA
528,1,19,1,5,NA,NA,2,2,11,0,16,12,NA,15,1,4,NA,4,2,1,2
529,1,37,1,1,NA,1,2,2,10,0,8,12,12,6,3,5,19,5,1,1,2
530,2,35,1,3,1,NA,2,1,16,3,12,12,NA,14,2,1,27,1,2,2,2
531,1,64,2,1,1,2,1,1,16,3,13,13,12,15,1,2,NA,NA,2,2,2
532,1,72,2,2,2,NA,2,1,12,1,NA,6,NA,16,2,1,23,2,NA,2,1
533,1,47,2,1,2,1,1,1,14,1,8,8,14,17,3,3,21,9,1,2,1
534,1,49,2,1,1,1,2,1,12,1,12,12,12,14,2,2,18,0,2,2,2
535,1,78,2,1,2,1,2,1,8,0,6,7,12,7,2,2,22,3,1,1,1
536,1,61,2,1,1,1,1,1,12,1,8,8,12,13,3,2,18,4,1,2,1
537,1,76,2,2,2,NA,3,2,6,0,0,0,NA,4,4,1,18,9,NA,1,NA
538,1,67,2,5,2,NA,2,1,12,1,8,8,NA,2,2,1,NA,1,1,2,1
539,1,83,2,2,NA,NA,1,1,10,0,6,8,NA,5,2,1,18,0,1,1,1
540,1,21,2,1,2,1,1,1,12,1,13,12,11,14,2,3,18,2,2,2,2
541,1,68,2,2,NA,NA,1,1,12,1,8,8,NA,9,1,1,24,11,1,2,1
542,1,25,1,5,2,NA,2,NA,12,1,11,9,NA,11,1,1,NA,3,1,2,1
543,1,65,1,5,NA,NA,2,1,8,0,9,8,NA,13,1,1,NA,5,1,1,1
544,1,47,2,3,2,NA,2,2,11,0,8,12,NA,5,3,2,24,1,1,1,2
545,1,27,1,1,NA,2,2,1,14,1,14,12,16,10,1,2,22,4,2,2,2
546,1,37,1,3,3,NA,2,1,11,0,6,8,NA,8,3,1,24,2,1,1,1
547,1,64,1,1,NA,2,2,1,7,0,0,8,12,9,3,2,25,2,NA,1,1
548,1,38,1,3,2,NA,1,NA,17,4,9,12,NA,11,1,1,21,2,1,2,2
549,1,44,1,1,2,2,2,1,12,1,12,12,12,9,3,4,17,1,2,2,2
550,1,23,1,1,2,1,1,1,16,3,18,16,15,10,1,2,21,2,2,2,2
551,1,35,2,5,3,NA,2,2,12,1,12,11,NA,6,2,1,NA,2,2,2,1
552,1,52,1,1,1,1,2,1,12,1,12,12,12,16,2,3,24,2,2,2,2
553,2,38,1,1,2,2,2,1,14,2,8,8,12,10,2,1,21,8,1,2,1
554,1,21,2,3,1,NA,2,1,11,1,13,12,NA,5,2,2,17,1,2,1,2
555,1,29,2,1,2,1,2,1,10,0,NA,10,12,10,1,3,17,5,NA,1,1
556,1,19,1,5,2,NA,1,1,12,1,12,14,NA,17,2,3,NA,1,2,2,2
557,1,32,1,1,1,1,2,1,16,3,NA,11,16,14,2,3,26,3,NA,2,1
558,1,66,2,1,NA,2,3,1,10,0,8,8,8,6,2,2,18,4,1,1,1
559,1,24,2,1,2,1,2,2,12,1,8,8,12,14,2,3,19,5,1,2,1
560,1,20,1,5,3,NA,1,1,13,1,12,12,NA,10,1,3,NA,2,2,2,2
561,1,75,2,1,NA,1,1,1,13,1,6,8,12,13,2,2,26,4,1,2,1
562,1,25,2,1,3,1,1,1,16,3,16,12,16,15,1,2,24,7,2,2,2
563,1,58,2,3,3,NA,2,1,10,0,10,10,NA,1,4,2,NA,8,1,1,1
564,1,35,2,1,2,1,1,1,16,3,12,12,19,17,1,3,24,4,2,2,2
565,1,32,2,1,1,1,1,1,13,1,12,12,15,16,1,2,20,3,2,2,2
566,1,40,2,3,2,NA,2,1,19,4,NA,12,NA,14,1,1,25,1,NA,2,2
567,1,24,2,5,2,NA,1,1,16,3,12,12,NA,11,1,2,NA,4,2,2,2
568,1,60,2,2,3,NA,2,2,14,1,11,12,NA,10,1,1,19,1,1,2,2
569,1,24,2,5,3,NA,1,1,16,3,16,12,NA,9,2,2,NA,5,2,2,2
570,1,24,2,1,NA,1,1,1,10,0,10,10,10,3,3,3,17,2,1,1,1
571,1,23,1,1,4,1,1,1,12,1,10,14,12,10,2,3,17,4,1,2,2
572,1,56,2,1,1,1,1,1,5,0,NA,NA,NA,13,2,3,29,3,NA,1,NA
573,1,29,1,3,2,NA,2,NA,15,1,16,18,NA,13,NA,1,20,3,2,2,2
574,1,20,1,5,4,NA,2,1,11,0,12,11,NA,7,1,1,NA,3,2,1,1
575,2,89,2,2,3,NA,1,1,9,0,0,0,NA,NA,2,1,15,18,NA,1,NA
576,2,23,2,5,3,NA,2,1,12,1,12,12,NA,NA,1,6,NA,5,2,2,2
577,2,70,2,2,2,NA,2,1,12,1,8,4,NA,2,4,1,29,9,1,2,1
578,1,24,2,1,1,3,2,1,7,0,8,8,9,6,3,4,16,7,1,1,1
579,2,42,1,1,1,1,1,2,10,0,7,10,11,8,2,5,24,10,1,1,1
580,1,62,1,5,1,NA,1,1,8,0,8,10,NA,8,4,1,NA,8,1,1,1
581,1,24,1,3,2,NA,3,2,12,1,NA,15,NA,11,3,3,19,4,NA,2,2
582,1,26,2,1,1,1,2,1,10,0,8,10,10,3,2,4,19,2,1,1,1
583,1,29,2,3,3,NA,2,1,14,1,12,12,NA,14,1,2,21,10,2,2,2
584,1,23,2,5,2,NA,1,1,16,3,12,12,NA,10,3,2,NA,3,2,2,2
585,1,43,1,4,2,NA,2,1,12,1,12,12,NA,15,2,2,24,10,2,2,2
586,1,23,2,5,2,NA,2,1,16,3,12,12,NA,7,2,1,NA,4,2,2,2
587,1,23,1,5,3,NA,1,2,12,1,12,12,NA,16,3,1,NA,1,2,2,2
588,1,25,2,5,1,NA,1,1,14,2,16,15,NA,11,3,1,NA,1,2,2,2
589,1,26,2,1,1,1,1,1,13,1,16,12,12,13,1,4,19,3,2,2,2
590,1,26,1,5,1,NA,1,2,12,1,NA,12,NA,3,3,1,NA,2,NA,2,2
591,1,35,2,5,1,NA,2,1,14,2,8,12,NA,16,1,4,NA,4,1,2,2
592,1,82,2,2,NA,NA,2,NA,10,0,NA,6,NA,4,2,1,19,2,NA,1,1
593,1,21,2,1,NA,1,1,1,12,1,13,12,12,8,1,3,19,2,2,2,2
594,1,37,1,3,3,NA,1,1,10,1,8,9,NA,15,1,2,NA,4,1,1,1
595,1,32,1,3,2,NA,1,1,10,0,NA,NA,NA,4,3,3,19,1,NA,1,NA
596,1,75,1,2,NA,NA,1,1,12,1,12,12,NA,6,2,1,26,3,2,2,2
597,1,72,1,1,NA,2,1,1,10,0,3,3,10,10,3,5,23,NA,1,1,1
598,1,24,2,5,1,NA,1,1,12,1,12,8,NA,15,2,2,NA,7,2,2,1
599,1,58,2,1,1,1,1,1,8,0,8,8,14,NA,1,2,26,2,1,1,1
600,1,49,2,1,1,1,2,1,12,1,NA,8,12,NA,1,2,19,10,NA,2,1
601,1,78,2,2,NA,NA,1,2,12,1,8,8,NA,NA,3,1,20,2,1,2,1
602,1,34,2,1,NA,1,1,1,15,1,8,12,9,15,1,5,21,1,1,2,2
603,1,73,1,1,NA,1,3,1,12,1,8,NA,12,12,3,2,21,3,1,2,NA
604,1,68,2,1,NA,2,2,1,12,1,8,8,10,11,1,2,28,5,1,2,1
605,1,35,2,3,2,NA,3,1,12,1,12,12,NA,8,2,2,20,6,2,2,2
606,1,30,1,3,3,NA,1,1,16,3,12,12,NA,9,2,1,23,2,2,2,2
607,1,33,2,3,1,NA,1,1,20,4,13,13,NA,13,2,2,23,1,2,2,2
608,1,39,1,5,1,NA,2,1,18,4,14,15,NA,15,1,1,NA,2,2,2,2
609,1,33,2,3,1,NA,2,1,15,2,12,11,NA,13,1,6,20,1,2,2,1
610,1,72,2,1,1,1,2,1,12,1,12,5,12,13,2,2,21,12,2,2,1
611,1,29,2,1,2,2,1,1,12,1,12,12,14,5,2,2,18,1,2,2,2
612,1,62,1,1,NA,1,1,1,12,1,8,8,10,7,3,2,21,9,1,2,1
613,1,44,1,1,2,1,2,1,7,0,12,10,12,15,2,4,22,7,2,1,1
614,1,33,1,1,2,1,2,1,15,2,16,16,12,15,1,4,22,3,2,2,2
615,1,35,2,1,1,1,2,1,12,1,12,12,12,13,2,4,24,4,2,2,2
616,1,64,1,1,NA,1,1,1,14,1,4,12,12,10,2,2,23,2,1,2,2
617,1,62,2,1,3,2,2,1,12,1,9,9,12,15,2,3,19,2,1,2,1
618,1,39,2,1,1,3,1,1,17,4,12,12,13,16,1,2,28,1,2,2,2
619,1,32,2,1,2,1,1,NA,12,1,12,11,14,NA,2,6,17,2,2,2,1
620,1,34,1,1,3,2,2,1,12,1,9,10,12,15,2,4,19,4,1,2,1
621,1,55,1,5,NA,NA,2,1,0,0,NA,NA,NA,5,4,2,NA,9,NA,NA,NA
622,1,66,1,1,NA,1,1,1,11,0,6,8,12,13,2,3,31,0,1,1,1
623,1,55,2,1,1,2,1,1,9,0,NA,7,9,9,1,3,23,6,NA,1,1
624,1,27,2,1,2,1,1,1,12,1,8,12,12,10,2,5,18,4,1,2,2
625,1,21,2,5,NA,NA,1,1,13,1,NA,NA,NA,NA,2,5,NA,6,NA,2,NA
626,1,42,1,1,1,1,1,1,12,1,3,9,12,15,2,7,21,8,1,2,1
627,1,36,1,1,3,1,3,1,14,2,NA,NA,12,16,2,4,28,2,NA,2,NA
628,1,42,1,1,2,1,2,2,9,0,9,NA,14,14,2,5,19,6,1,1,NA
629,1,39,1,1,2,1,2,1,12,1,8,12,12,16,1,4,18,7,1,2,2
630,1,63,1,1,NA,2,3,NA,11,0,8,NA,9,NA,4,2,21,7,1,1,NA
631,1,36,1,3,2,NA,2,1,12,1,NA,6,NA,15,1,5,20,0,NA,2,1
632,1,59,1,3,4,NA,3,2,8,0,3,5,NA,7,3,1,19,7,1,1,1
633,1,60,2,2,2,NA,2,1,9,0,8,8,NA,6,1,1,21,5,1,1,1
634,1,64,1,1,NA,1,1,1,12,1,8,8,9,9,2,2,21,5,1,2,1
635,1,29,2,5,2,NA,1,1,19,4,12,12,NA,10,2,1,NA,1,2,2,2
636,1,63,2,1,1,1,2,NA,10,0,4,8,12,NA,3,2,19,3,1,1,1
637,1,57,2,3,1,NA,2,1,11,0,NA,16,NA,15,1,1,22,3,NA,1,2
638,1,59,2,1,2,2,1,1,9,1,6,8,8,4,3,2,21,4,1,1,1
639,1,40,2,3,2,NA,1,1,13,1,12,8,NA,10,1,3,20,2,2,2,1
640,1,43,2,1,2,1,2,1,12,1,NA,12,16,15,1,4,22,1,NA,2,2
641,1,26,1,1,1,2,2,1,13,1,7,7,13,15,1,2,23,5,1,2,1
642,1,66,2,2,1,NA,1,1,10,0,8,8,NA,15,2,2,15,1,1,1,1
643,1,29,1,1,1,1,1,1,20,4,17,16,18,16,1,3,24,2,2,2,2
644,1,24,2,5,2,NA,1,2,17,3,16,16,NA,4,2,2,NA,3,2,2,2
645,1,36,2,3,1,NA,1,1,14,1,10,13,NA,10,3,2,21,9,1,2,2
646,1,30,2,5,1,NA,1,1,16,3,14,12,NA,8,1,2,NA,3,2,2,2
647,1,89,2,2,NA,NA,1,NA,20,4,12,NA,NA,NA,3,1,32,4,2,2,NA
648,1,45,1,1,4,2,2,NA,15,1,8,8,12,11,1,2,37,1,1,2,1
649,1,83,1,1,NA,1,2,1,9,0,NA,8,8,14,2,2,29,4,NA,1,1
650,1,29,1,5,2,NA,2,1,12,1,12,12,NA,15,1,1,NA,6,2,2,2
651,1,21,2,3,1,NA,1,2,11,0,11,12,NA,6,2,2,16,5,1,1,2
652,1,36,1,5,2,NA,1,2,15,1,18,14,NA,9,2,1,NA,2,2,2,2
653,1,30,1,5,2,NA,1,1,19,4,19,13,NA,1,3,1,NA,2,2,2,2
654,1,37,1,4,4,NA,1,1,10,1,NA,NA,NA,3,3,2,24,4,NA,1,NA
655,1,24,2,5,3,NA,2,1,12,1,12,12,NA,9,3,3,NA,9,2,2,2
656,1,40,2,1,1,1,2,1,13,1,NA,11,18,16,2,4,20,2,NA,2,1
657,1,20,1,5,2,NA,1,1,11,0,12,12,NA,15,2,5,NA,2,2,1,2
658,1,89,2,2,NA,NA,1,1,14,1,NA,NA,NA,16,2,3,25,3,NA,2,NA
659,1,45,2,1,2,1,2,2,12,1,8,8,16,16,1,3,19,5,1,2,1
660,1,48,2,1,3,1,2,1,12,1,NA,8,12,15,2,2,21,8,NA,2,1
661,1,45,1,1,2,2,2,1,12,1,8,12,18,17,1,3,19,5,1,2,2
662,1,55,2,1,NA,2,1,1,12,1,8,8,8,16,1,2,23,3,1,2,1
663,1,30,2,5,1,NA,2,1,19,4,15,12,NA,15,1,2,NA,0,2,2,2
664,1,27,2,5,1,NA,1,1,16,3,14,16,NA,13,1,2,NA,1,2,2,2
665,1,29,2,3,4,NA,1,2,13,1,4,12,NA,14,1,1,17,2,1,2,2
666,1,52,2,5,1,NA,2,1,12,1,7,12,NA,16,NA,1,NA,4,1,2,2
667,1,31,1,5,2,NA,1,1,20,4,16,16,NA,12,1,1,NA,2,2,2,2
668,1,23,2,5,1,NA,2,1,15,1,16,15,NA,3,3,2,NA,5,2,2,2
669,1,29,1,5,4,NA,1,2,15,3,12,16,NA,17,2,2,NA,1,2,2,2
670,1,24,2,1,2,1,1,1,16,3,14,14,18,10,1,2,22,2,2,2,2
671,1,57,2,3,2,NA,2,1,12,1,12,NA,NA,11,1,2,20,9,2,2,NA
672,1,61,2,1,4,3,3,1,6,0,NA,3,3,9,3,3,25,4,NA,1,1
673,2,76,2,2,NA,NA,3,1,9,0,NA,NA,NA,7,2,1,22,5,NA,1,NA
674,2,21,2,5,2,NA,2,1,12,1,12,9,NA,16,2,3,NA,2,2,2,1
675,1,51,2,1,1,1,1,1,6,0,NA,NA,11,6,3,5,16,9,NA,1,NA
676,1,70,2,1,NA,2,2,NA,12,0,NA,6,6,NA,4,2,25,12,NA,2,1
677,1,45,1,1,1,1,1,2,6,0,NA,NA,9,16,1,6,20,8,NA,1,NA
678,1,57,1,1,1,2,1,1,20,4,12,12,16,17,1,3,23,3,2,2,2
679,1,34,1,1,2,1,2,1,20,4,12,12,16,17,1,2,22,3,2,2,2
680,1,59,2,1,1,1,2,1,14,1,NA,NA,16,17,2,3,20,0,NA,2,NA
681,1,40,1,1,1,2,1,2,17,4,19,14,16,13,2,5,22,2,2,2,2
682,1,76,2,2,1,NA,2,1,16,3,12,12,NA,8,2,1,23,6,2,2,2
683,1,35,2,1,1,1,1,1,16,3,12,16,10,15,2,5,23,5,2,2,2
684,1,52,2,1,1,1,1,2,16,3,NA,16,20,16,1,2,22,0,NA,2,2
685,1,34,1,5,1,NA,1,1,15,1,14,14,NA,NA,2,1,NA,2,2,2,2
686,1,28,2,5,2,NA,1,1,19,4,19,8,NA,13,1,1,NA,6,2,2,1
687,1,35,1,1,1,2,1,NA,19,4,20,16,16,15,2,5,34,5,2,2,2
688,1,33,2,1,1,1,1,1,12,1,6,7,9,13,1,5,22,5,1,2,1
689,1,44,1,3,1,NA,2,1,9,0,NA,8,NA,15,2,3,24,9,NA,1,1
690,1,20,2,1,3,1,2,1,11,0,11,12,9,8,3,3,17,3,1,1,2
691,2,30,1,1,4,2,2,1,12,1,NA,10,12,13,2,3,25,1,NA,2,1
692,1,31,2,1,3,2,NA,NA,12,1,12,12,12,1,NA,3,25,0,2,2,2
693,2,31,2,3,2,NA,2,1,14,1,NA,12,NA,7,1,2,18,5,NA,2,2
694,2,40,2,3,4,NA,NA,NA,12,0,NA,0,NA,NA,3,4,17,24,NA,2,NA
695,2,32,2,2,2,NA,2,1,12,1,4,7,NA,10,1,4,21,8,1,2,1
696,2,23,2,1,2,2,2,NA,12,1,NA,11,12,NA,2,2,20,10,NA,2,1
697,2,24,1,5,NA,NA,1,1,17,3,18,18,NA,9,1,1,NA,5,2,2,2
698,2,80,2,2,NA,NA,NA,1,8,0,NA,NA,NA,NA,1,1,19,5,NA,1,NA
699,2,27,1,1,1,2,1,1,12,1,5,7,15,15,1,2,22,7,1,2,1
700,2,34,2,5,4,NA,2,1,16,3,8,14,NA,NA,1,1,NA,13,1,2,2
701,2,19,2,5,4,NA,2,1,11,0,NA,8,NA,5,2,4,NA,3,NA,1,1
702,2,82,2,2,NA,NA,2,1,3,0,NA,0,NA,3,2,1,16,7,NA,1,NA
703,2,74,1,1,NA,2,2,NA,8,0,0,0,8,9,NA,2,24,11,NA,1,NA
704,1,76,2,2,2,NA,2,1,12,1,NA,12,NA,13,3,1,24,4,NA,2,2
705,1,62,1,1,1,1,1,1,10,0,3,NA,12,16,1,2,24,1,1,1,NA
706,1,44,2,1,1,2,1,1,15,1,16,15,17,16,1,4,20,2,2,2,2
707,1,26,2,1,2,2,2,1,13,1,16,15,12,10,1,4,22,2,2,2,2
708,1,46,2,1,1,1,1,1,12,1,10,NA,11,17,1,4,22,6,1,2,NA
709,1,20,1,5,1,NA,1,1,9,1,NA,NA,NA,10,2,1,NA,2,NA,1,NA
710,1,69,2,1,1,1,1,1,12,1,4,12,12,NA,2,2,19,3,1,2,2
711,1,21,1,5,1,NA,1,NA,14,1,12,12,NA,14,2,3,NA,1,2,2,2
712,2,49,2,1,1,1,2,1,12,1,NA,NA,12,10,1,2,18,0,NA,2,NA
713,2,56,2,2,2,NA,1,NA,17,4,8,9,NA,15,2,1,26,8,1,2,1
714,2,65,2,2,NA,NA,1,1,16,3,8,8,NA,9,2,1,19,1,1,2,1
715,2,49,2,1,2,2,2,NA,11,1,NA,9,10,15,2,2,16,8,NA,1,1
716,1,59,2,3,1,NA,3,1,7,0,NA,6,NA,8,3,2,20,9,NA,1,1
717,1,63,2,1,1,1,2,1,9,0,NA,NA,11,9,3,2,17,9,NA,1,NA
718,1,76,2,1,1,1,2,1,7,0,NA,NA,6,6,3,2,18,14,NA,1,NA
719,1,69,2,5,NA,NA,1,1,9,0,4,0,NA,9,2,1,NA,3,1,1,NA
720,1,79,2,2,1,NA,1,1,4,0,5,6,NA,NA,3,2,39,9,1,1,1
721,1,42,2,1,1,3,2,1,12,1,NA,5,11,11,2,3,18,3,NA,2,1
722,2,29,2,5,NA,NA,1,1,13,1,NA,9,NA,4,1,6,NA,4,NA,2,1
723,2,54,1,1,1,2,2,1,10,0,4,6,12,15,2,3,45,2,1,1,1
724,NA,20,2,1,3,2,2,1,10,0,NA,12,11,3,2,4,NA,9,NA,1,2
725,1,53,2,1,2,3,3,NA,4,0,NA,NA,NA,NA,2,4,23,6,NA,1,NA
726,1,62,2,5,1,NA,1,2,8,0,NA,5,NA,15,2,1,NA,2,NA,1,1
727,1,38,2,5,2,NA,2,2,12,1,NA,8,NA,15,2,1,NA,2,NA,2,1
728,1,55,1,1,1,1,1,2,8,0,NA,NA,12,17,1,2,27,7,NA,1,NA
729,1,60,2,1,NA,NA,NA,NA,12,1,8,8,8,13,NA,3,23,NA,1,2,1
730,1,30,1,1,2,1,1,1,16,3,14,12,13,16,2,2,29,1,2,2,2
731,1,64,2,2,NA,NA,NA,NA,12,1,8,8,NA,NA,1,1,24,7,1,2,1
732,1,31,1,3,2,NA,2,NA,12,1,10,10,NA,13,NA,1,25,NA,1,2,1
733,1,25,2,1,2,2,2,1,12,1,NA,9,14,15,2,2,20,4,NA,2,1
734,1,30,2,3,2,NA,1,1,12,1,12,12,NA,10,1,2,21,2,2,2,2
735,1,61,1,1,NA,2,2,NA,14,1,8,8,15,11,4,2,23,6,1,2,1
736,1,56,1,2,2,NA,2,1,10,0,5,NA,NA,14,1,1,19,2,1,1,NA
737,1,82,1,1,NA,1,1,1,12,1,NA,9,14,15,3,2,20,2,NA,2,1
738,1,36,2,1,2,2,1,1,18,4,13,13,20,16,1,3,26,2,2,2,2
739,1,39,1,3,2,NA,2,1,10,0,8,NA,NA,8,1,2,23,1,1,1,NA
740,1,81,2,2,NA,NA,1,1,14,1,12,12,NA,NA,2,2,18,10,2,2,2
741,1,79,1,1,NA,2,1,NA,8,0,NA,NA,12,NA,3,2,28,6,NA,1,NA
742,1,33,2,3,1,NA,2,1,12,1,8,12,NA,13,2,2,21,2,1,2,2
743,1,27,1,5,1,NA,1,2,13,1,NA,NA,NA,2,1,1,NA,0,NA,2,NA
744,2,34,2,3,2,NA,2,1,10,0,NA,12,NA,12,2,3,16,5,NA,1,2
745,1,62,1,1,1,1,1,1,16,3,8,12,16,17,2,2,24,1,1,2,2
746,1,55,1,3,2,NA,2,2,12,1,11,12,NA,10,2,2,21,3,1,2,2
747,1,44,1,1,1,2,2,2,9,0,NA,12,12,11,2,5,23,3,NA,1,2
748,2,22,1,5,2,NA,2,2,11,0,NA,15,NA,NA,4,2,NA,11,NA,1,2
749,2,89,1,2,NA,NA,2,1,15,1,6,7,NA,2,4,1,29,4,1,2,1
750,2,36,1,4,2,NA,2,1,13,1,12,10,NA,13,2,1,24,2,2,2,1
751,2,23,2,1,2,1,1,2,12,1,10,11,12,9,1,3,21,8,1,2,1
752,2,22,1,1,2,2,2,2,11,0,NA,11,13,9,2,2,20,5,NA,1,1
753,1,30,2,1,2,1,1,1,12,1,13,16,13,13,1,4,18,1,2,2,2
754,1,52,2,2,1,NA,2,1,10,0,NA,3,NA,10,2,1,22,3,NA,1,1
755,2,33,2,5,3,NA,2,1,12,1,8,10,NA,9,2,2,NA,2,1,2,1
756,2,22,1,5,2,NA,1,1,12,1,NA,15,NA,9,2,1,NA,3,NA,2,2
757,1,37,1,5,3,NA,1,1,17,1,8,8,NA,12,3,1,NA,1,1,2,1
758,2,31,2,3,1,NA,2,2,13,1,12,14,NA,16,1,5,19,7,2,2,2
759,1,24,1,5,1,NA,1,1,12,1,12,12,NA,2,2,2,NA,1,2,2,2
760,1,56,2,3,1,NA,1,1,11,0,19,16,NA,11,2,1,17,1,2,1,2
761,1,76,2,2,NA,NA,1,1,9,1,NA,NA,NA,NA,2,1,19,4,NA,1,NA
762,1,68,2,1,NA,1,1,1,8,0,NA,8,8,9,3,1,19,4,NA,1,1
763,1,63,2,1,NA,1,1,1,10,0,10,10,12,11,1,2,18,9,1,1,1
764,1,77,2,1,NA,2,2,1,9,0,8,8,8,NA,3,2,18,1,1,1,1
765,1,85,2,1,1,1,2,1,12,1,12,12,12,9,4,2,19,6,2,2,2
766,1,82,2,1,NA,2,2,1,NA,NA,NA,NA,8,NA,2,2,19,3,NA,NA,NA
767,1,69,1,1,NA,1,1,1,8,0,NA,2,12,9,2,2,22,6,NA,1,1
768,1,71,2,1,2,2,2,1,9,0,NA,NA,12,6,2,5,16,1,NA,1,NA
769,1,37,2,1,4,1,1,1,12,1,16,12,13,16,2,3,16,4,2,2,2
770,2,26,1,5,4,NA,2,2,12,1,NA,6,NA,5,2,1,NA,8,NA,2,1
771,2,25,2,1,3,1,2,1,12,1,5,12,12,9,3,5,17,10,1,2,2
772,2,27,2,1,3,2,2,2,12,1,7,8,12,11,2,2,24,7,1,2,1
773,2,20,2,1,1,2,2,2,12,1,NA,12,10,9,2,2,18,1,NA,2,2
774,1,35,1,1,4,1,2,1,13,1,5,10,11,3,1,3,18,1,1,2,1
775,1,71,1,3,NA,NA,1,1,8,0,4,9,NA,10,1,1,33,7,1,1,1
776,1,33,2,1,3,2,3,1,12,1,NA,12,12,NA,2,3,20,5,NA,2,2
777,1,60,1,1,NA,1,1,1,14,1,8,10,14,15,2,2,24,5,1,2,1
778,1,43,1,1,1,1,1,1,19,4,6,10,17,17,1,5,25,1,1,2,1
779,1,23,1,5,1,NA,1,1,16,1,18,18,NA,17,2,5,NA,2,2,2,2
780,1,54,2,1,1,1,1,1,16,3,6,12,16,17,1,2,20,1,1,2,2
781,1,41,1,1,2,2,2,1,5,0,NA,0,8,10,2,6,22,15,NA,1,NA
782,1,19,1,5,NA,NA,3,1,11,0,6,9,NA,10,2,7,NA,4,1,1,1
783,1,43,2,3,1,NA,2,1,12,1,5,3,NA,15,2,6,21,7,1,2,1
784,1,52,2,1,1,1,2,1,3,0,NA,2,3,9,2,3,18,5,NA,1,1
785,1,39,1,1,2,1,1,1,10,1,4,3,13,15,1,6,21,10,1,1,1
786,1,28,2,1,1,1,2,1,12,1,10,11,12,3,2,5,21,4,1,2,1
787,1,25,1,1,2,2,2,2,12,1,6,0,12,5,2,4,22,4,1,2,NA
788,1,38,2,2,2,NA,2,1,6,0,4,5,NA,2,2,8,19,10,1,1,1
789,1,23,2,5,4,NA,NA,2,8,0,NA,NA,NA,3,2,7,NA,2,NA,1,NA
790,1,23,2,5,3,NA,1,1,12,1,NA,NA,NA,8,2,2,NA,3,NA,2,NA
791,1,63,2,1,NA,2,2,NA,7,0,NA,0,4,8,2,2,19,5,NA,1,NA
792,1,21,2,5,2,NA,1,NA,12,1,12,16,NA,NA,2,4,NA,1,2,2,2
793,1,43,2,3,1,NA,1,2,12,1,4,11,NA,12,3,2,17,3,1,2,1
794,1,73,2,2,1,NA,2,1,13,1,3,3,NA,13,3,2,28,5,1,2,1
795,1,40,2,3,3,NA,3,1,10,0,NA,7,NA,6,2,3,20,9,NA,1,1
796,1,59,1,1,1,1,1,1,19,4,NA,NA,14,16,2,2,26,4,NA,2,NA
797,1,64,1,1,3,1,2,1,14,1,7,7,14,13,4,2,18,2,1,2,1
798,1,71,2,1,NA,1,1,NA,11,1,10,11,11,14,2,2,17,2,1,1,1
799,1,22,1,5,2,NA,1,1,12,1,3,9,NA,NA,2,5,NA,4,1,2,1
800,1,68,1,2,NA,NA,2,2,11,1,11,12,NA,7,3,2,29,7,1,1,2
801,1,53,2,1,2,2,3,1,9,0,NA,9,11,14,4,2,16,11,NA,1,1
802,1,43,2,1,1,2,1,1,12,1,4,8,12,14,2,3,19,9,1,2,1
803,1,60,2,3,NA,NA,3,1,8,0,NA,5,NA,4,4,1,19,1,NA,1,1
804,1,41,2,3,2,NA,2,1,12,1,7,8,NA,7,2,3,22,1,1,2,1
805,1,75,2,2,NA,NA,1,1,8,0,NA,7,NA,NA,3,1,18,6,NA,1,1
806,1,42,1,5,2,NA,2,1,19,3,12,9,NA,13,1,1,NA,2,2,2,1
807,1,75,2,2,NA,NA,3,1,0,0,NA,0,NA,3,4,1,15,8,NA,NA,NA
808,1,51,2,1,1,1,2,1,8,0,3,6,11,15,3,3,22,7,1,1,1
809,1,61,2,2,1,NA,2,1,12,1,NA,7,NA,6,2,1,27,10,NA,2,1
810,1,61,2,2,NA,NA,1,1,6,0,NA,NA,NA,2,2,1,17,3,NA,1,NA
811,1,47,1,1,1,1,1,1,12,1,NA,8,12,15,2,5,26,1,NA,2,1
812,1,23,1,1,NA,1,2,1,5,0,NA,NA,11,NA,3,2,22,11,NA,1,NA
813,1,60,1,1,2,2,1,1,8,0,5,5,12,16,3,2,25,0,1,1,1
814,1,25,1,5,2,NA,1,1,12,1,8,11,NA,4,2,4,NA,1,1,2,1
815,1,75,2,2,3,NA,1,1,7,0,NA,9,NA,1,3,1,20,3,NA,1,1
816,1,36,2,1,1,1,1,1,12,1,NA,NA,12,10,2,3,18,1,NA,2,NA
817,1,40,1,1,1,1,1,1,6,0,6,6,12,14,3,2,21,3,1,1,1
818,1,36,2,1,2,2,2,1,17,3,12,12,17,17,2,4,22,0,2,2,2
819,1,24,1,1,1,1,1,NA,13,1,12,12,15,13,2,2,23,4,2,2,2
820,1,31,1,3,2,NA,2,NA,12,1,3,8,NA,9,1,1,25,1,1,2,1
821,1,32,2,1,1,1,1,1,16,3,6,12,14,11,2,3,25,1,1,2,2
822,1,59,2,2,NA,NA,2,2,11,0,NA,NA,NA,3,3,1,36,6,NA,1,NA
823,1,27,2,5,2,NA,2,1,12,1,NA,11,NA,8,2,4,NA,4,NA,2,1
824,1,51,2,1,NA,1,2,1,9,0,NA,NA,11,16,2,4,15,6,NA,1,NA
825,1,28,2,1,1,1,2,2,12,1,12,12,11,10,2,4,18,5,2,2,2
826,1,31,2,3,4,NA,2,1,14,2,10,12,NA,11,2,3,21,3,1,2,2
827,1,32,2,1,1,1,2,NA,11,0,NA,10,11,13,2,5,17,5,NA,1,1
828,1,26,2,1,1,1,2,1,11,0,6,12,10,7,3,3,18,6,1,1,2
829,1,36,2,1,2,1,2,1,12,1,NA,NA,11,15,2,4,19,8,NA,2,NA
830,1,36,1,1,4,1,1,1,12,1,10,12,11,11,2,5,19,8,1,2,2
831,1,23,2,1,2,2,2,1,11,0,NA,9,12,NA,3,4,17,5,NA,1,1
832,1,25,1,5,2,NA,2,1,13,1,NA,11,NA,9,1,4,NA,5,NA,2,1
833,1,22,2,5,NA,NA,1,1,12,1,10,12,NA,10,2,4,NA,1,1,2,2
834,1,42,2,3,2,NA,1,1,16,3,12,12,NA,13,1,3,21,1,2,2,2
835,1,30,2,1,1,2,2,1,9,1,NA,NA,9,16,2,2,16,7,NA,1,NA
836,1,27,2,1,NA,2,1,2,4,0,13,10,8,2,2,4,12,13,2,1,1
837,2,47,1,3,1,NA,1,2,16,2,3,8,NA,15,2,1,19,1,1,2,1
838,1,62,2,1,1,2,1,1,13,1,8,8,12,15,2,2,19,7,1,2,1
839,1,43,2,3,2,NA,1,1,16,3,NA,14,NA,13,2,1,19,3,NA,2,2
840,1,74,1,1,NA,2,2,1,12,1,NA,NA,9,13,2,2,22,13,NA,2,NA
841,1,64,2,2,1,NA,1,1,18,4,8,8,NA,13,2,1,19,2,1,2,1
842,1,44,1,1,2,2,1,1,16,3,14,8,15,17,1,3,19,3,2,2,1
843,1,21,1,5,2,NA,2,1,12,1,15,12,NA,16,2,3,NA,1,2,2,2
844,1,35,2,3,2,NA,1,1,14,1,12,10,NA,13,2,3,17,3,2,2,1
845,1,34,2,3,1,NA,2,1,12,1,4,6,NA,15,2,3,20,5,1,2,1
846,1,22,1,4,2,NA,3,1,10,0,6,NA,NA,11,2,6,NA,3,1,1,NA
847,1,27,1,1,3,1,1,1,12,1,6,6,10,7,1,4,20,6,1,2,1
848,2,74,2,2,NA,NA,2,1,3,0,NA,NA,NA,NA,4,1,15,9,NA,1,NA
849,1,37,2,1,1,1,1,1,12,1,11,12,12,9,2,5,18,7,1,2,2
850,1,38,2,3,2,NA,1,1,15,1,14,12,NA,9,2,4,22,1,2,2,2
851,1,34,1,5,NA,NA,1,1,20,4,NA,13,NA,10,3,1,NA,2,NA,2,2
852,2,25,2,5,3,NA,1,1,14,2,NA,10,NA,9,1,2,NA,7,NA,2,1
853,1,23,1,5,2,NA,1,1,17,1,18,18,NA,8,1,3,NA,3,2,2,2
854,1,66,2,2,2,NA,2,1,3,0,0,5,NA,3,3,1,19,7,NA,1,1
855,2,72,2,5,NA,NA,1,1,12,0,11,11,NA,1,3,1,NA,4,1,2,1
856,1,23,2,5,2,NA,1,1,15,1,12,12,NA,2,2,2,NA,1,2,2,2
857,1,39,2,1,1,1,1,1,12,1,3,5,12,13,2,2,24,3,1,2,1
858,1,27,2,3,2,NA,2,1,14,1,12,12,NA,10,1,1,18,0,2,2,2
859,1,41,2,1,1,1,2,1,12,1,NA,10,12,NA,2,3,18,4,NA,2,1
860,1,37,1,1,1,2,2,1,12,1,10,12,12,11,1,4,20,2,1,2,2
861,1,67,2,2,NA,NA,2,1,12,0,12,12,NA,9,2,1,17,1,2,2,2
862,1,70,1,1,NA,1,1,1,15,1,8,8,15,16,3,2,28,3,1,2,1
863,1,24,2,5,2,NA,1,1,15,1,19,19,NA,15,2,2,NA,4,2,2,2
864,1,51,1,1,1,2,1,1,12,1,4,5,12,16,2,3,25,7,1,2,1
865,1,58,2,1,2,1,1,1,11,0,NA,NA,10,11,1,2,16,2,NA,1,NA
866,1,74,1,1,NA,2,2,1,17,3,5,5,14,13,4,2,28,5,1,2,1
867,1,75,1,2,NA,NA,2,2,20,4,NA,16,NA,15,1,1,26,4,NA,2,2
868,1,67,2,2,NA,NA,1,1,12,1,12,12,NA,17,3,1,22,0,2,2,2
869,1,47,2,1,1,1,1,NA,16,3,16,14,19,17,1,5,22,4,2,2,2
870,1,66,2,2,1,NA,1,2,18,3,12,16,NA,16,1,1,22,1,2,2,2
871,1,23,1,5,2,NA,2,1,14,1,8,14,NA,15,1,2,NA,1,1,2,2
872,1,27,2,3,1,NA,1,1,14,1,20,12,NA,8,2,2,20,1,2,2,2
873,1,32,1,5,4,NA,2,2,12,1,NA,NA,NA,10,2,2,NA,10,NA,2,NA
874,1,21,2,5,NA,NA,2,1,14,1,12,12,NA,1,2,3,NA,0,2,2,2
875,1,20,2,5,NA,NA,1,NA,13,1,16,NA,NA,5,2,3,NA,2,2,2,NA
876,1,24,1,5,3,NA,1,1,15,1,14,14,NA,7,1,2,NA,0,2,2,2
877,1,23,1,5,1,NA,1,1,16,3,12,12,NA,12,2,1,NA,3,2,2,2
878,1,23,1,5,NA,NA,1,1,15,1,14,13,NA,3,2,1,NA,1,2,2,2
879,1,25,1,1,2,2,2,1,12,1,20,14,14,13,1,2,23,7,2,2,2
880,1,27,1,1,NA,1,2,1,19,3,16,12,13,10,2,2,26,1,2,2,2
881,1,45,1,1,2,1,2,1,16,4,12,12,13,17,2,4,25,0,2,2,2
882,1,44,1,1,3,2,2,1,11,0,NA,NA,12,15,2,4,23,5,NA,1,NA
883,1,20,1,5,1,NA,1,1,9,0,NA,8,NA,15,1,6,NA,3,NA,1,1
884,1,43,2,1,1,2,2,1,13,1,12,16,12,15,2,5,20,4,2,2,2
885,1,32,2,1,2,1,2,1,15,2,12,NA,13,14,2,3,21,3,2,2,NA
886,1,51,2,2,2,NA,3,1,12,1,8,8,NA,15,1,1,17,4,1,2,1
887,1,32,1,5,2,NA,3,1,16,3,18,NA,NA,15,1,1,NA,1,2,2,NA
888,1,30,1,1,1,1,2,1,13,1,9,10,13,15,1,4,28,2,1,2,1
889,1,61,2,1,1,1,2,1,11,1,NA,3,14,15,1,2,17,4,NA,1,1
890,1,81,1,1,NA,1,2,1,12,1,6,7,9,NA,2,2,24,7,1,2,1
891,1,26,2,4,1,NA,2,1,11,0,NA,9,NA,10,2,2,16,10,NA,1,1
892,1,67,2,2,1,NA,3,1,10,0,NA,9,NA,NA,2,3,16,4,NA,1,1
893,1,48,2,1,3,1,1,1,12,1,5,2,15,14,4,2,18,1,1,2,1
894,2,74,2,2,NA,NA,3,1,1,0,NA,NA,NA,NA,2,1,NA,5,NA,1,NA
895,1,25,2,1,4,1,1,1,13,1,10,10,14,NA,2,2,24,1,1,2,1
896,2,52,2,3,1,NA,1,1,9,0,NA,4,NA,11,2,1,16,0,NA,1,1
897,1,30,2,1,1,2,2,1,13,2,NA,13,12,9,2,4,16,3,NA,2,2
898,1,34,2,3,3,NA,2,1,13,1,NA,10,NA,13,2,3,18,2,NA,2,1
899,1,46,2,1,NA,2,1,1,13,1,13,14,17,16,1,2,20,4,2,2,2
900,NA,44,1,1,1,1,2,2,16,4,12,0,16,9,2,2,40,7,2,2,NA
901,2,32,1,1,1,1,1,NA,12,1,13,14,14,9,1,3,30,5,2,2,2
902,1,48,2,4,2,NA,2,1,9,0,NA,12,NA,10,4,3,18,4,NA,1,2
903,2,24,1,5,NA,NA,2,NA,12,1,11,14,NA,3,3,4,NA,15,1,2,2
904,1,36,2,1,1,2,2,1,16,3,8,14,14,16,3,2,21,4,1,2,2
905,1,35,1,3,4,NA,1,2,16,3,16,15,NA,2,2,1,24,4,2,2,2
906,1,24,2,5,1,NA,1,1,14,1,8,12,NA,15,2,2,NA,4,1,2,2
907,1,25,1,5,4,NA,2,NA,14,2,16,12,NA,5,3,1,NA,2,2,2,2
908,1,54,2,5,2,NA,2,1,20,4,14,14,NA,15,2,1,NA,2,2,2,2
909,1,34,1,1,2,1,2,1,18,4,16,NA,17,16,2,4,22,5,2,2,NA
910,1,32,1,1,1,1,1,1,18,4,NA,13,18,17,2,2,19,0,NA,2,2
911,1,67,2,1,NA,2,1,1,14,2,11,14,18,15,1,2,35,1,1,2,2
912,1,56,2,1,1,1,2,1,12,1,NA,NA,12,16,1,2,22,4,NA,2,NA
913,1,60,1,1,1,2,2,1,12,1,8,9,12,13,3,2,24,14,1,2,1
914,1,77,2,2,NA,NA,2,1,13,1,NA,NA,NA,9,3,1,40,3,NA,2,NA
915,1,25,1,5,3,NA,2,1,12,1,NA,12,NA,9,2,3,NA,6,NA,2,2
916,1,60,1,1,1,1,1,1,16,3,9,12,12,15,1,2,28,3,1,2,2
917,1,29,2,1,2,2,2,1,17,3,16,12,16,14,3,2,25,3,2,2,2
918,NA,25,2,3,3,NA,2,1,4,0,5,7,NA,2,2,3,20,5,1,1,1
919,1,22,1,1,4,1,2,1,11,1,12,12,12,17,2,3,21,3,2,1,2
920,1,34,2,1,1,1,1,1,12,1,8,12,17,16,3,3,20,2,1,2,2
921,1,24,2,5,3,NA,2,1,17,3,20,14,NA,11,2,1,NA,2,2,2,2
922,1,26,1,1,1,1,2,1,11,0,15,12,12,12,1,9,20,8,2,1,2
923,1,52,2,1,NA,1,2,1,12,1,8,NA,12,16,2,3,19,2,1,2,NA
924,1,37,2,1,2,1,1,1,9,1,6,12,15,15,2,3,17,0,1,1,2
925,1,53,1,1,3,2,2,NA,16,3,6,4,17,15,2,3,25,2,1,2,1
926,1,21,2,5,NA,NA,2,2,13,1,NA,11,NA,4,1,2,NA,6,NA,2,1
927,1,62,1,5,NA,NA,3,1,12,0,NA,NA,NA,16,3,1,NA,2,NA,2,NA
928,1,30,2,1,2,1,1,1,13,1,16,12,16,15,1,2,29,3,2,2,2
929,1,32,2,4,2,NA,2,2,17,3,12,12,NA,15,1,3,23,1,2,2,2
930,1,22,2,1,1,1,1,1,13,1,16,9,12,6,2,4,19,4,2,2,1
931,1,68,1,1,NA,1,2,1,12,1,NA,NA,12,16,2,3,25,4,NA,2,NA
932,1,68,2,3,NA,NA,3,1,12,1,12,8,NA,5,2,1,18,0,2,2,1
933,1,73,2,2,NA,NA,2,1,15,1,NA,NA,NA,12,2,1,35,8,NA,2,NA
934,1,44,2,5,3,NA,2,NA,19,4,12,12,NA,9,2,1,NA,0,2,2,2
935,1,31,2,1,NA,1,2,1,12,1,15,14,14,11,3,7,20,3,2,2,2
936,1,32,2,1,2,1,2,2,14,1,12,10,20,16,2,4,20,1,2,2,1
937,1,35,2,1,1,1,2,1,15,1,17,15,17,16,2,3,23,3,2,2,2
938,1,65,1,5,3,NA,2,1,14,1,NA,NA,NA,7,4,1,NA,3,NA,2,NA
939,NA,74,1,1,NA,1,2,1,4,0,NA,4,14,7,1,2,50,8,NA,1,1
940,1,24,2,5,2,NA,1,1,12,1,12,12,NA,10,1,1,NA,1,2,2,2
941,1,68,2,1,1,1,1,1,12,1,12,10,12,16,3,2,22,4,2,2,1
942,1,40,1,1,1,2,1,1,16,3,10,NA,17,17,1,4,28,2,1,2,NA
943,1,23,2,1,NA,1,1,2,16,3,13,15,17,16,1,2,20,1,2,2,2
944,1,25,2,5,2,NA,2,1,16,3,18,16,NA,16,2,3,NA,3,2,2,2
945,1,59,2,1,2,2,2,1,12,1,8,12,16,15,1,2,17,4,1,2,2
946,1,25,2,1,2,1,1,1,16,3,20,14,17,15,1,3,21,2,2,2,2
947,1,35,1,1,1,1,1,1,16,3,12,12,14,16,1,4,22,5,2,2,2
948,1,45,2,1,4,1,1,1,18,1,NA,10,15,16,1,5,26,1,NA,2,1
949,1,60,2,1,1,3,2,1,12,1,12,12,14,12,2,2,20,1,2,2,2
950,1,58,2,1,NA,1,1,2,16,3,NA,12,19,16,2,2,25,1,NA,2,2
951,1,82,2,2,NA,NA,2,1,13,1,8,8,NA,16,1,1,20,4,1,2,1
952,1,65,1,3,1,NA,1,2,20,4,16,16,NA,17,1,1,22,1,2,2,2
953,1,58,1,3,1,NA,1,1,16,3,10,10,NA,17,2,1,25,2,1,2,1
954,1,36,2,1,2,2,2,2,16,3,13,16,19,17,1,5,23,2,2,2,2
955,1,66,2,2,NA,NA,1,1,14,2,4,12,NA,16,2,1,22,5,1,2,2
956,1,60,2,1,NA,1,2,1,12,1,8,14,12,16,2,2,18,1,1,2,2
957,1,36,1,1,4,1,1,1,18,3,20,12,19,NA,2,2,31,1,2,2,2
958,1,54,2,3,4,NA,1,1,14,2,NA,NA,NA,15,1,1,21,2,NA,2,NA
959,1,21,2,5,2,NA,2,2,14,1,14,12,NA,17,1,3,NA,2,2,2,2
960,1,84,1,4,NA,NA,1,1,12,1,NA,NA,NA,8,2,1,29,3,NA,2,NA
961,1,52,1,3,4,NA,1,1,16,3,12,12,NA,16,1,1,36,1,2,2,2
962,1,37,1,1,1,1,2,1,17,3,8,8,16,17,2,3,23,7,1,2,1
963,1,57,2,1,NA,2,1,NA,12,1,8,10,19,15,2,2,25,3,1,2,1
964,1,63,2,1,1,1,2,1,13,1,NA,8,18,17,2,3,22,7,NA,2,1
965,1,81,2,2,NA,NA,2,2,10,0,NA,NA,NA,NA,2,1,28,5,NA,1,NA
966,1,80,2,1,NA,1,2,NA,18,4,13,9,15,14,2,2,28,2,2,2,1
967,1,89,1,2,NA,NA,2,2,13,1,NA,NA,NA,NA,2,1,26,10,NA,2,NA
968,1,66,1,1,NA,1,2,2,8,0,NA,NA,12,11,1,2,17,4,NA,1,NA
969,1,68,1,1,NA,3,3,2,12,1,5,4,8,11,1,2,27,5,1,2,1
970,1,82,2,2,1,NA,1,NA,10,0,NA,NA,NA,9,3,1,17,7,NA,1,NA
971,1,45,2,1,1,1,1,1,12,0,12,12,12,15,3,2,15,2,2,2,2
972,1,60,1,1,1,1,1,2,14,1,11,NA,13,16,2,3,21,3,1,2,NA
973,1,35,1,1,1,1,1,1,13,1,12,12,8,16,2,3,30,1,2,2,2
974,1,60,1,1,NA,1,1,1,14,1,8,2,13,13,4,2,23,11,1,2,1
975,1,21,1,5,NA,NA,2,1,15,1,17,17,NA,NA,3,5,NA,2,2,2,2
976,1,35,2,1,1,2,1,1,14,1,14,14,14,NA,2,3,27,1,2,2,2
977,1,43,1,1,2,3,1,1,16,3,NA,NA,12,17,1,4,25,4,NA,2,NA
978,1,42,1,3,3,NA,2,NA,16,1,NA,12,NA,16,1,2,21,1,NA,2,2
979,1,37,2,1,3,1,1,1,14,1,8,6,16,17,2,6,32,5,1,2,1
980,1,38,2,1,2,1,2,1,11,0,8,10,12,16,3,6,16,8,1,1,1
981,1,58,1,1,NA,2,1,1,9,0,12,12,12,9,2,3,20,5,2,1,2
982,NA,32,2,1,2,2,2,2,12,1,0,8,0,14,3,4,21,12,NA,2,1
983,1,21,2,5,NA,NA,2,1,15,0,14,14,NA,11,1,4,NA,1,2,2,2
984,1,58,2,1,3,1,2,1,12,1,NA,12,11,16,3,2,20,3,NA,2,2
985,1,60,1,1,1,1,1,1,11,1,6,11,12,16,3,2,17,6,1,1,1
986,1,26,2,4,1,NA,1,1,14,1,12,12,NA,9,2,4,18,3,2,2,2
987,1,34,2,3,1,NA,1,1,13,1,8,13,NA,7,2,3,18,3,1,2,2
988,1,19,1,5,1,NA,1,1,11,0,12,12,NA,15,2,2,NA,7,2,1,2
989,1,28,2,1,1,1,1,1,12,1,8,12,13,17,1,2,27,2,1,2,2
990,1,58,1,3,2,NA,2,2,10,0,NA,NA,NA,10,1,1,22,5,NA,1,NA
991,1,62,2,1,1,1,1,1,12,1,12,8,16,16,1,2,22,8,2,2,1
992,1,28,2,5,4,NA,1,1,12,0,NA,12,NA,NA,2,4,NA,7,NA,2,2
993,1,40,2,5,1,NA,2,1,12,1,NA,12,NA,14,1,2,NA,10,NA,2,2
994,1,67,2,2,1,NA,1,1,18,3,16,NA,NA,17,1,1,24,0,2,2,NA
995,1,67,2,2,3,NA,3,2,8,0,NA,8,NA,12,2,1,20,3,NA,1,1
996,1,66,1,1,1,1,2,1,18,4,8,12,14,9,1,2,24,5,1,2,2
997,1,54,1,1,1,2,2,1,10,0,4,0,11,10,3,5,18,13,1,1,NA
998,1,75,1,2,NA,NA,2,1,8,0,NA,7,NA,10,3,7,19,7,NA,1,1
999,1,57,2,1,1,1,2,1,12,1,8,8,12,15,1,2,18,4,1,2,1
1000,1,21,1,5,1,NA,2,1,12,1,NA,8,NA,2,1,3,NA,4,NA,2,1
1001,2,59,1,1,2,1,2,1,12,1,8,8,12,10,2,2,21,5,1,2,1
1002,1,76,1,1,NA,1,2,2,16,4,NA,6,20,14,1,2,33,0,NA,2,1
1003,2,70,2,2,2,NA,2,1,10,0,10,8,NA,12,3,2,17,3,1,1,1
1004,1,70,1,1,NA,1,1,2,9,0,0,0,12,13,2,2,22,4,NA,1,NA
1005,NA,68,2,1,1,1,1,2,12,1,0,0,12,16,2,2,28,4,NA,2,NA
1006,NA,56,2,5,1,NA,2,1,12,1,3,8,NA,14,2,2,NA,5,1,2,1
1007,1,40,1,1,3,2,1,1,12,1,12,12,12,17,2,2,18,1,2,2,2
1008,1,34,1,3,1,NA,1,1,16,3,14,12,NA,15,2,3,21,1,2,2,2
1009,1,71,2,2,NA,NA,2,1,12,1,4,6,NA,13,2,1,25,2,1,2,1
1010,1,26,1,3,4,NA,2,2,9,0,NA,NA,NA,4,2,4,21,7,NA,1,NA
1011,1,29,1,5,NA,NA,1,1,15,1,NA,NA,NA,13,1,2,NA,2,NA,2,NA
1012,1,27,1,1,2,2,1,1,12,1,NA,12,15,15,2,4,20,6,NA,2,2
1013,1,32,2,1,3,2,2,1,13,1,16,11,13,14,2,2,21,4,2,2,1
1014,1,41,2,3,1,NA,1,1,13,1,12,12,NA,11,2,4,19,1,2,2,2
1015,1,33,2,1,2,1,1,NA,13,1,12,12,16,16,2,4,19,2,2,2,2
1016,1,41,1,3,1,NA,1,2,16,3,11,14,NA,16,2,2,21,2,1,2,2
1017,1,29,2,1,2,1,1,1,14,1,12,12,15,15,1,2,21,3,2,2,2
1018,1,42,1,1,1,2,1,2,16,3,14,13,14,16,1,4,24,3,2,2,2
1019,1,54,2,1,2,1,2,2,15,1,6,12,12,17,1,3,21,7,1,2,2
1020,1,39,1,1,1,1,1,2,19,4,13,12,16,17,2,4,25,2,2,2,2
1021,1,73,2,1,NA,2,3,1,18,3,8,13,19,13,3,2,31,5,1,2,2
1022,1,61,2,1,1,1,2,2,11,0,NA,12,12,12,2,2,15,8,NA,1,2
1023,1,58,2,1,1,2,1,1,12,1,8,12,12,13,1,2,21,1,1,2,2
1024,1,33,2,1,2,2,2,1,16,2,12,17,13,9,2,4,19,7,2,2,2
1025,1,45,2,1,3,2,2,1,11,0,NA,8,9,11,1,2,18,4,NA,1,1
1026,1,39,1,1,2,1,2,1,14,2,0,8,12,12,1,5,20,1,NA,2,1
1027,1,35,1,1,2,2,2,1,12,1,12,8,12,15,2,4,21,3,2,2,1
1028,1,49,1,1,1,1,1,2,12,1,NA,NA,4,16,1,3,19,2,NA,2,NA
1029,1,38,1,1,4,1,1,1,12,1,4,12,13,17,1,6,16,0,1,2,2
1030,1,58,1,1,3,2,2,1,13,1,9,9,12,15,2,2,19,1,1,2,1
1031,1,48,2,1,1,1,2,2,13,1,5,12,NA,15,2,2,18,3,1,2,2
1032,1,53,2,3,2,NA,1,2,11,1,10,8,NA,9,2,1,18,1,1,1,1
1033,1,26,1,1,1,2,2,NA,12,1,NA,12,13,13,2,2,21,3,NA,2,2
1034,1,68,2,2,1,NA,2,1,11,0,NA,8,NA,10,3,2,18,6,NA,1,1
1035,1,39,1,3,2,NA,3,2,13,1,6,10,NA,11,1,1,20,3,1,2,1
1036,1,42,1,3,2,NA,1,2,10,0,6,12,NA,11,1,1,22,8,1,1,2
1037,1,33,2,3,1,NA,2,1,16,2,NA,8,NA,15,2,3,20,2,NA,2,1
1038,1,21,2,5,NA,NA,1,1,15,1,16,12,NA,17,1,3,NA,3,2,2,2
1039,1,18,1,5,1,NA,1,1,11,0,16,16,NA,16,2,6,NA,3,2,1,2
1040,1,34,2,2,2,NA,1,NA,14,1,9,12,NA,11,3,2,20,5,1,2,2
1041,1,45,1,1,1,1,1,1,15,1,4,8,12,17,1,4,31,3,1,2,1
1042,1,29,1,1,3,1,1,1,16,3,12,12,16,14,1,3,24,1,2,2,2
1043,1,33,2,1,2,2,2,1,12,1,12,11,13,14,2,6,20,2,2,2,1
1044,1,52,2,1,1,1,1,1,17,3,11,8,13,16,1,10,27,1,1,2,1
1045,1,54,2,2,4,NA,2,1,18,3,10,8,NA,14,1,2,23,2,1,2,1
1046,1,44,2,3,1,NA,3,1,9,0,NA,8,NA,10,1,1,18,6,NA,1,1
1047,1,43,2,1,2,1,2,1,12,1,12,12,12,15,1,6,21,2,2,2,2
1048,1,41,2,1,2,1,1,1,16,3,NA,14,17,16,2,6,22,3,NA,2,2
1049,1,39,1,3,2,NA,1,1,12,1,13,12,NA,7,1,4,34,10,2,2,2
1050,1,61,2,1,1,1,2,1,12,1,8,10,14,11,3,3,21,3,1,2,1
1051,1,61,2,1,1,1,2,1,15,1,10,11,18,14,1,4,22,9,1,2,1
1052,1,32,2,1,1,1,2,1,15,1,10,12,20,16,2,4,21,0,1,2,2
1053,1,27,2,5,3,NA,2,1,13,1,NA,13,NA,9,2,1,NA,9,NA,2,2
1054,1,28,2,5,2,NA,2,1,16,3,14,13,NA,10,2,1,NA,8,2,2,2
1055,1,33,2,1,2,2,2,1,14,1,5,12,14,11,1,4,22,11,1,2,2
1056,1,58,1,1,NA,1,NA,1,10,0,NA,NA,11,13,2,2,24,5,NA,1,NA
1057,1,22,1,5,NA,NA,2,1,15,1,18,16,NA,4,1,3,NA,3,2,2,2
1058,1,72,1,1,NA,1,1,1,14,1,14,12,16,9,1,2,26,9,2,2,2
1059,1,26,2,1,NA,1,1,1,16,3,20,16,17,17,1,4,21,4,2,2,2
1060,1,49,1,1,2,2,1,1,18,4,12,12,14,16,1,9,25,4,2,2,2
1061,1,22,2,1,NA,1,1,1,15,1,16,11,14,9,1,3,21,7,2,2,1
1062,1,NA,2,1,NA,1,1,NA,12,1,NA,NA,12,NA,NA,4,20,NA,NA,2,NA
1063,1,83,2,1,2,2,2,1,12,0,12,12,12,8,2,2,24,7,2,2,2
1064,1,36,1,4,2,NA,1,1,17,3,13,12,NA,14,1,1,26,2,2,2,2
1065,1,25,2,1,3,1,2,1,16,3,NA,16,16,12,2,2,22,6,NA,2,2
1066,1,66,2,2,1,NA,3,1,8,0,NA,NA,NA,7,3,1,23,6,NA,1,NA
1067,1,57,1,1,2,1,2,1,10,0,6,8,13,15,2,3,30,4,1,1,1
1068,1,51,2,3,3,NA,2,1,11,0,NA,NA,NA,9,1,1,17,3,NA,1,NA
1069,1,42,1,3,4,NA,2,1,16,3,8,16,NA,15,2,1,19,2,1,2,2
1070,1,56,1,1,NA,1,2,1,7,0,NA,NA,9,11,3,2,23,7,NA,1,NA
1071,1,68,1,1,NA,1,2,1,12,1,8,8,12,12,3,2,21,6,1,2,1
1072,2,81,2,2,2,NA,3,1,10,0,NA,5,NA,5,3,1,25,3,NA,1,1
1073,1,53,2,1,3,2,3,1,12,1,12,10,12,17,3,2,20,6,2,2,1
1074,1,44,2,2,2,NA,2,1,14,2,16,10,NA,11,3,3,23,0,2,2,1
1075,1,55,1,1,1,1,2,2,14,1,NA,8,18,17,1,3,30,4,NA,2,1
1076,1,22,1,1,1,1,1,2,14,2,14,13,12,13,1,2,21,3,2,2,2
1077,1,22,2,1,4,1,2,1,12,1,16,13,12,9,3,2,18,3,2,2,2
1078,1,32,2,3,2,NA,2,1,12,1,10,9,NA,7,2,3,18,2,1,2,1
1079,1,32,2,1,3,2,3,1,12,1,12,12,18,17,2,4,18,7,2,2,2
1080,1,37,1,1,4,1,1,1,14,1,12,12,12,11,2,5,35,3,2,2,2
1081,1,36,2,1,2,1,1,1,13,1,12,16,10,17,3,2,20,1,2,2,2
1082,1,63,1,1,NA,2,2,1,12,1,NA,NA,10,11,2,2,22,6,NA,2,NA
1083,1,75,2,2,NA,NA,2,1,9,0,6,0,NA,5,2,1,19,4,1,1,NA
1084,1,24,2,1,2,2,2,2,13,1,11,12,12,11,2,3,22,12,1,2,2
1085,1,34,2,1,1,1,1,1,16,3,9,12,18,12,1,3,20,3,1,2,2
1086,1,59,1,3,2,NA,1,NA,12,1,8,8,NA,15,2,2,28,0,1,2,1
1087,1,74,2,1,NA,1,2,NA,12,1,8,8,9,13,2,3,21,NA,1,2,1
1088,1,57,2,1,2,3,2,2,11,0,NA,NA,7,13,3,3,17,13,NA,1,NA
1089,1,28,2,1,1,2,2,1,12,1,NA,12,12,11,2,2,18,2,NA,2,2
1090,1,36,1,1,3,1,2,1,12,1,12,12,12,13,1,4,22,6,2,2,2
1091,1,46,1,1,1,1,1,1,12,1,4,12,11,4,2,5,25,2,1,2,2
1092,1,54,1,1,1,1,1,1,8,0,NA,NA,8,15,2,2,21,11,NA,1,NA
1093,1,56,1,1,NA,1,1,1,12,1,12,12,14,10,2,4,21,8,2,2,2
1094,1,48,2,1,NA,1,3,1,13,1,14,14,12,9,3,2,22,3,2,2,2
1095,1,48,2,2,NA,NA,2,2,12,1,8,NA,NA,9,2,1,24,2,1,2,NA
1096,1,61,2,1,2,2,2,1,8,0,3,3,14,14,2,2,22,4,1,1,1
1097,1,38,1,1,4,1,2,NA,17,3,8,12,16,15,2,2,36,2,1,2,2
1098,1,36,2,1,1,2,2,1,12,1,10,12,12,15,1,4,18,3,1,2,2
1099,1,43,2,1,NA,2,1,1,12,1,6,9,12,12,3,3,22,1,1,2,1
1100,1,24,1,1,1,1,1,1,11,0,14,12,12,9,1,4,21,2,2,1,2
1101,1,34,1,5,1,NA,1,1,14,2,14,16,NA,13,1,1,NA,3,2,2,2
1102,1,27,1,1,3,3,2,1,8,0,11,12,12,2,2,3,22,7,1,1,2
1103,1,62,2,1,1,1,2,1,12,1,NA,NA,8,15,2,2,33,10,NA,2,NA
1104,1,67,2,1,1,2,2,1,9,0,NA,NA,9,8,2,2,19,5,NA,1,NA
1105,1,33,1,1,2,2,1,1,12,1,6,12,12,12,3,4,29,4,1,2,2
1106,1,25,1,5,3,NA,2,1,12,1,NA,12,NA,15,2,3,NA,2,NA,2,2
1107,1,55,1,4,4,NA,2,NA,8,0,12,NA,NA,3,3,1,24,7,2,1,NA
1108,1,35,1,5,2,NA,2,2,16,3,12,8,NA,13,2,1,NA,2,2,2,1
1109,1,54,1,1,NA,2,2,1,12,1,NA,NA,12,5,3,2,27,3,NA,2,NA
1110,1,56,1,3,1,NA,2,2,9,0,NA,NA,NA,15,2,2,22,8,NA,1,NA
1111,1,23,1,5,1,NA,1,1,16,3,11,12,NA,15,2,3,NA,1,1,2,2
1112,1,25,2,1,1,1,2,1,12,1,12,14,12,14,2,5,16,6,2,2,2
1113,1,28,1,1,2,1,2,1,12,1,8,10,12,14,2,5,20,4,1,2,1
1114,1,29,1,5,3,NA,2,1,16,1,NA,12,NA,10,3,1,NA,6,NA,2,2
1115,1,35,2,1,3,2,2,1,12,1,4,8,8,8,3,5,22,1,1,2,1
1116,1,27,1,1,1,2,1,1,11,0,11,11,12,10,1,4,20,4,1,1,1
1117,1,70,2,1,1,1,2,1,12,1,NA,NA,9,NA,4,2,27,3,NA,2,NA
1118,1,70,1,2,NA,NA,1,1,12,1,3,8,NA,17,3,1,25,1,1,2,1
1119,1,34,2,1,2,2,1,1,12,1,11,10,12,15,3,3,18,3,1,2,1
1120,1,55,1,1,NA,1,2,1,12,1,8,8,12,12,4,3,26,6,1,2,1
1121,1,47,1,1,3,2,1,1,12,1,8,8,12,15,1,3,19,5,1,2,1
1122,1,66,2,2,2,NA,1,1,10,0,NA,NA,NA,13,1,1,19,7,NA,1,NA
1123,1,36,2,1,1,1,1,1,12,1,11,12,12,12,2,4,20,3,1,2,2
1124,1,47,2,2,1,NA,1,1,12,1,13,12,NA,10,2,2,18,7,2,2,2
1125,1,23,1,5,2,NA,1,1,12,1,11,12,NA,8,1,1,NA,3,1,2,2
1126,1,29,1,3,1,NA,1,1,12,1,12,12,NA,17,2,1,20,1,2,2,2
1127,1,81,2,2,NA,NA,2,1,5,0,6,6,NA,6,3,1,19,1,1,1,1
1128,1,34,2,1,2,1,2,1,9,0,3,NA,10,12,4,4,21,9,1,1,NA
1129,1,58,2,1,1,1,1,1,14,1,8,12,8,12,2,2,21,10,1,2,2
1130,1,72,2,5,NA,NA,2,2,12,1,NA,NA,NA,8,2,1,NA,6,NA,2,NA
1131,1,27,2,1,1,1,2,NA,8,0,7,NA,12,NA,3,4,16,9,1,1,NA
1132,1,21,1,1,2,1,1,1,12,1,12,8,12,12,2,2,20,3,2,2,1
1133,1,19,1,5,3,NA,1,2,10,0,NA,12,NA,NA,2,2,NA,0,NA,1,2
1134,1,58,1,1,1,1,1,2,17,3,5,12,14,17,1,2,21,1,1,2,2
1135,1,61,1,3,NA,NA,2,1,12,0,NA,8,NA,NA,3,2,17,12,NA,2,1
1136,1,67,1,1,2,1,1,1,12,1,8,5,8,17,2,2,21,4,1,2,1
1137,1,66,1,1,1,1,2,2,12,1,NA,16,12,9,2,3,22,3,NA,2,2
1138,1,85,2,1,NA,1,3,2,12,1,8,12,12,NA,3,2,34,1,1,2,2
1139,1,62,2,1,1,1,1,1,14,1,8,12,12,11,1,4,21,1,1,2,2
1140,1,41,1,1,2,1,2,1,13,1,8,8,12,16,2,5,23,6,1,2,1
1141,1,45,2,1,2,1,1,1,12,1,4,12,12,16,2,6,18,4,1,2,2
1142,1,74,1,1,1,2,3,1,8,0,NA,NA,8,11,3,2,43,6,NA,1,NA
1143,1,50,2,1,4,1,2,2,12,1,8,8,12,15,4,2,18,3,1,2,1
1144,1,42,2,1,1,2,2,1,9,0,8,8,7,9,3,4,17,3,1,1,1
1145,1,30,1,1,2,1,2,2,12,1,NA,9,12,12,2,6,19,5,NA,2,1
1146,1,40,2,1,2,2,2,1,20,4,12,13,16,NA,2,2,22,1,2,2,2
1147,1,59,2,1,1,1,2,1,12,1,6,12,12,15,4,3,19,11,1,2,2
1148,1,25,1,4,1,NA,1,1,12,1,12,10,NA,10,1,2,18,3,2,2,1
1149,1,76,2,2,NA,NA,2,1,12,1,5,8,NA,14,2,1,33,2,1,2,1
1150,1,32,2,1,2,2,1,1,13,1,8,8,14,14,1,2,30,1,1,2,1
1151,1,29,1,1,2,2,2,1,16,3,18,12,14,15,2,4,24,5,2,2,2
1152,1,53,2,1,2,1,2,1,12,1,4,5,16,NA,2,5,18,13,1,2,1
1153,1,24,2,1,3,1,1,1,12,1,12,12,12,11,1,5,17,2,2,2,2
1154,1,57,1,1,1,1,1,1,10,0,6,8,8,17,2,2,22,6,1,1,1
1155,1,60,1,5,1,NA,2,1,12,1,8,13,NA,17,1,2,NA,4,1,2,2
1156,1,52,1,1,2,2,2,1,12,0,8,8,13,10,2,2,22,3,1,2,1
1157,1,61,1,5,2,NA,1,2,12,1,5,8,NA,8,3,2,NA,2,1,2,1
1158,1,72,2,5,NA,NA,2,1,12,1,6,6,NA,7,2,1,NA,7,1,2,1
1159,1,67,2,1,1,2,1,NA,12,1,13,NA,12,10,2,3,19,6,2,2,NA
1160,1,89,2,2,NA,NA,2,1,8,0,6,7,NA,NA,3,2,17,6,1,1,1
1161,1,23,2,5,1,NA,1,1,16,3,16,16,NA,2,1,1,NA,3,2,2,2
1162,NA,45,2,1,1,1,2,1,12,1,3,12,12,12,3,5,17,1,1,2,2
1163,1,60,1,2,2,NA,2,1,12,1,8,8,NA,9,2,1,23,12,1,2,1
1164,1,55,1,1,1,1,1,1,16,3,8,12,13,17,1,2,22,2,1,2,2
1165,1,80,2,2,1,NA,2,1,14,1,8,8,NA,14,2,1,27,2,1,2,1
1166,1,27,2,1,2,1,2,NA,12,1,12,12,12,11,1,5,16,4,2,2,2
1167,1,36,2,3,3,NA,2,1,16,3,12,12,NA,13,3,1,20,0,2,2,2
1168,1,45,2,1,1,1,2,1,8,0,8,8,8,10,3,2,17,10,1,1,1
1169,1,79,2,2,1,NA,2,1,8,0,3,8,NA,10,3,1,35,0,1,1,1
1170,1,68,2,1,1,1,2,1,13,1,NA,8,8,NA,4,2,20,1,NA,2,1
1171,1,81,2,2,2,NA,1,1,12,1,7,4,NA,7,2,1,19,4,1,2,1
1172,1,41,2,1,1,2,2,1,13,1,17,13,13,17,2,3,19,2,2,2,2
1173,1,83,2,2,1,NA,2,1,8,0,8,8,NA,NA,3,1,32,9,1,1,1
1174,1,62,2,1,1,1,2,1,16,1,8,8,8,14,3,2,24,5,1,2,1
1175,1,80,2,1,1,1,1,1,8,0,8,8,12,NA,2,2,20,7,1,1,1
1176,1,42,2,1,2,1,1,1,12,1,12,12,14,11,1,6,22,3,2,2,2
1177,1,65,1,1,NA,1,1,1,12,1,NA,12,12,NA,2,2,24,2,NA,2,2
1178,1,55,2,1,1,2,2,1,12,1,12,12,9,9,3,1,19,2,2,2,2
1179,1,33,2,1,2,1,2,NA,12,1,8,12,12,10,2,3,20,2,1,2,2
1180,1,45,2,1,2,2,2,2,12,1,12,NA,12,14,2,3,21,4,2,2,NA
1181,1,49,2,1,1,1,1,1,12,1,8,10,12,9,2,3,19,5,1,2,1
1182,1,35,2,1,1,1,1,1,14,1,12,12,14,NA,1,4,21,2,2,2,2
1183,1,35,1,5,1,NA,1,1,16,3,6,8,NA,12,1,1,NA,2,1,2,1
1184,1,42,2,1,1,1,2,1,16,3,9,10,16,14,2,5,23,1,1,2,1
1185,1,87,2,2,2,NA,2,1,10,0,NA,NA,NA,NA,3,1,23,3,NA,1,NA
1186,1,67,1,1,NA,1,2,1,13,1,7,8,12,14,1,2,22,6,1,2,1
1187,1,26,2,1,1,2,2,1,14,1,12,12,17,15,3,4,17,3,2,2,2
1188,1,58,1,1,2,3,1,1,20,3,8,8,16,16,1,2,27,2,1,2,1
1189,1,52,2,1,3,2,2,2,12,1,8,8,10,11,1,2,19,7,1,2,1
1190,1,19,2,5,3,NA,1,1,13,1,12,12,NA,13,1,3,NA,3,2,2,2
1191,1,25,1,5,1,NA,1,1,11,0,10,10,NA,15,3,1,NA,4,1,1,1
1192,1,28,2,1,1,1,1,NA,12,1,13,12,12,12,1,5,16,2,2,2,2
1193,1,51,1,1,2,1,2,1,12,1,8,14,12,15,1,4,21,4,1,2,2
1194,1,27,1,5,2,NA,2,1,12,1,10,15,NA,15,2,1,NA,2,1,2,2
1195,1,71,2,2,NA,NA,2,2,12,1,8,8,NA,3,1,1,18,4,1,2,1
1196,1,23,2,3,2,NA,1,1,12,1,8,12,NA,5,2,3,18,4,1,2,2
1197,1,51,2,1,1,1,1,1,12,1,10,10,12,16,1,2,19,1,1,2,1
1198,1,31,1,1,2,1,1,2,12,1,12,12,12,11,2,4,24,1,2,2,2
1199,1,25,2,5,1,NA,NA,1,13,1,11,12,NA,17,1,4,NA,5,1,2,2
1200,1,33,2,3,1,NA,2,1,13,1,14,14,NA,1,3,3,NA,1,2,2,2
1201,1,20,1,5,2,NA,2,2,14,1,NA,10,NA,NA,2,1,NA,3,NA,2,1
1202,1,21,2,1,3,1,2,1,13,1,12,12,12,13,3,3,19,3,2,2,2
1203,1,37,2,1,1,2,2,1,12,1,10,12,12,15,2,4,18,4,1,2,2
1204,1,37,2,1,2,2,1,1,12,1,8,12,12,NA,2,4,19,3,1,2,2
1205,1,31,1,1,1,2,2,1,12,1,NA,13,14,5,2,3,26,4,NA,2,2
1206,1,73,2,2,1,NA,1,1,12,1,8,8,NA,9,1,1,NA,5,1,2,1
1207,1,35,1,1,2,2,1,1,15,1,11,8,12,NA,2,3,24,3,1,2,1
1208,1,23,1,1,2,2,2,NA,12,1,14,12,12,11,2,4,18,2,2,2,2
1209,1,58,1,1,4,2,2,1,11,0,NA,8,12,13,3,3,26,9,NA,1,1
1210,1,40,2,1,2,1,2,1,12,1,12,12,14,15,2,3,16,1,2,2,2
1211,1,23,2,5,1,NA,1,1,17,3,16,12,NA,NA,1,1,NA,8,2,2,2
1212,1,31,2,1,1,1,2,2,12,1,12,13,12,13,2,4,21,8,2,2,2
1213,1,62,2,1,1,1,1,1,12,1,8,8,12,15,2,3,24,7,1,2,1
1214,1,74,2,2,4,NA,2,1,10,0,8,5,NA,7,2,1,NA,4,1,1,1
1215,1,70,2,1,1,2,1,1,12,1,NA,NA,12,NA,2,2,28,8,NA,2,NA
1216,1,59,1,1,2,1,1,1,19,3,10,15,16,16,1,2,29,1,1,2,2
1217,1,53,1,1,1,2,2,2,11,1,8,14,12,15,2,4,25,5,1,1,2
1218,1,21,1,5,1,NA,2,1,12,1,12,12,NA,9,2,1,NA,5,2,2,2
1219,1,59,2,3,1,NA,1,1,12,1,4,8,NA,9,2,1,18,3,1,2,1
1220,1,64,1,3,NA,NA,2,1,12,1,NA,8,NA,10,3,1,39,6,NA,2,1
1221,1,37,1,1,2,1,1,1,13,1,NA,12,12,17,2,3,22,2,NA,2,2
1222,1,40,2,3,2,NA,2,1,12,1,12,12,NA,13,1,2,20,3,2,2,2
1223,1,34,2,3,NA,NA,1,1,10,1,8,12,NA,6,1,3,18,12,1,1,2
1224,1,32,1,1,2,2,2,NA,19,4,12,16,12,13,2,4,24,2,2,2,2
1225,1,54,1,5,2,NA,1,1,7,0,8,8,NA,1,4,1,NA,8,1,1,1
1226,1,23,2,1,3,1,1,1,10,0,NA,12,12,9,3,3,20,3,NA,1,2
1227,1,68,1,1,1,3,1,1,7,0,0,8,8,11,2,1,18,8,NA,1,1
1228,1,33,2,1,2,2,2,1,12,1,6,12,9,12,2,5,18,6,1,2,2
1229,1,24,1,5,4,NA,3,1,12,1,8,8,NA,10,2,1,NA,1,1,2,1
1230,1,48,1,1,1,2,2,1,12,1,0,8,19,16,2,3,22,6,NA,2,1
1231,1,23,1,1,1,1,1,1,14,1,NA,NA,15,12,2,2,20,2,NA,2,NA
1232,1,41,1,1,1,2,2,1,11,0,NA,NA,12,13,3,6,23,5,NA,1,NA
1233,1,36,2,1,4,1,2,1,8,0,0,5,10,10,2,4,18,13,NA,1,1
1234,1,29,2,1,1,1,1,1,10,0,NA,3,12,11,2,5,17,5,NA,1,1
1235,1,52,1,1,NA,2,3,NA,6,0,0,5,11,8,4,2,18,7,NA,1,1
1236,1,47,2,1,3,1,1,1,12,1,10,10,12,15,2,2,18,7,1,2,1
1237,1,57,2,1,1,1,1,1,8,0,NA,NA,8,NA,2,3,20,4,NA,1,NA
1238,1,71,2,2,1,NA,2,1,6,0,4,4,NA,3,4,1,18,7,1,1,1
1239,1,24,1,1,1,1,1,1,12,1,10,NA,12,13,1,2,20,1,1,2,NA
1240,1,77,2,2,2,NA,1,1,13,1,0,4,NA,4,2,1,20,5,NA,2,1
1241,1,24,1,1,2,1,2,1,12,1,10,9,12,12,2,2,18,9,1,2,1
1242,1,38,1,1,2,1,1,1,10,0,12,NA,12,15,2,5,21,3,2,1,NA
1243,1,82,2,1,1,2,3,1,8,0,0,0,3,5,4,2,17,9,NA,1,NA
1244,1,78,2,1,2,2,2,1,8,0,4,4,8,4,3,2,16,12,1,1,1
1245,2,56,2,1,4,2,2,1,17,4,6,12,17,16,2,2,18,1,1,2,2
1246,2,84,2,2,1,NA,1,1,2,0,0,0,NA,3,4,1,16,8,NA,1,NA
1247,2,55,2,2,2,NA,1,1,12,1,4,10,NA,9,1,1,19,5,1,2,1
1248,2,51,2,1,1,1,2,NA,16,3,8,10,17,15,2,2,20,5,1,2,1
1249,2,28,2,2,1,NA,1,2,10,0,NA,9,NA,7,3,4,18,7,NA,1,1
1250,2,29,2,5,1,NA,1,2,13,1,NA,9,NA,5,3,3,NA,6,NA,2,1
1251,1,32,2,1,1,1,1,1,12,1,NA,12,12,15,1,4,21,5,NA,2,2
1252,1,49,1,1,1,1,1,1,12,1,6,6,9,11,1,4,30,7,1,2,1
1253,1,81,2,2,1,NA,2,1,7,0,2,3,NA,2,4,1,14,11,1,1,1
1254,1,24,1,1,1,2,2,2,12,1,7,6,11,10,2,3,23,7,1,2,1
1255,1,23,2,1,1,1,1,1,10,0,9,10,12,6,2,3,17,5,1,1,1
1256,1,27,2,3,2,NA,1,NA,10,0,3,7,NA,7,2,1,NA,11,1,1,1
1257,1,28,2,1,2,2,2,1,10,0,6,6,12,6,3,3,15,7,1,1,1
1258,1,20,1,1,NA,1,1,2,8,0,12,10,10,7,1,2,19,3,2,1,1
1259,1,19,1,5,2,NA,2,1,12,1,8,12,NA,13,2,5,NA,8,1,2,2
1260,2,69,1,1,NA,2,1,1,4,0,1,5,7,10,3,2,22,11,1,1,1
1261,1,31,2,1,1,1,2,2,10,0,14,12,12,14,1,4,18,1,2,1,2
1262,2,51,2,2,1,NA,1,1,11,0,7,9,NA,13,2,2,22,7,1,1,1
1263,1,23,2,5,2,NA,1,1,15,1,16,16,NA,2,1,2,NA,2,2,2,2
1264,2,35,2,2,4,NA,3,2,13,1,9,10,NA,12,2,4,16,2,1,2,1
1265,2,49,1,1,2,2,1,1,6,0,NA,7,4,5,4,2,23,10,NA,1,1
1266,2,51,2,2,4,NA,1,1,7,0,NA,4,NA,3,3,3,26,4,NA,1,1
1267,2,30,2,1,1,1,1,1,16,3,12,12,15,15,2,3,26,11,2,2,2
1268,2,20,2,5,1,NA,1,1,12,1,12,12,NA,NA,3,6,NA,11,2,2,2
1269,2,68,1,1,1,1,1,1,1,0,NA,NA,4,7,3,3,19,10,NA,1,NA
1270,1,50,2,1,1,1,1,1,12,1,3,4,14,16,1,3,20,9,1,2,1
1271,1,42,1,1,2,2,1,1,12,1,10,12,12,9,2,5,24,9,1,2,2
1272,1,36,2,1,2,2,2,1,16,3,12,12,15,15,2,4,21,1,2,2,2
1273,1,21,2,1,1,1,1,1,15,1,17,12,15,9,2,2,20,3,2,2,2
1274,1,35,1,1,4,1,1,1,18,4,NA,16,18,17,2,2,27,0,NA,2,2
1275,2,47,2,1,2,3,1,1,14,1,NA,11,12,14,2,3,18,3,NA,2,1
1276,2,26,2,1,1,2,1,1,13,1,NA,11,12,13,2,4,19,0,NA,2,1
1277,1,35,1,1,1,1,2,1,15,1,11,12,12,6,1,6,30,7,1,2,2
1278,2,22,2,1,2,1,2,2,12,1,NA,10,12,13,2,3,19,7,NA,2,1
1279,2,32,2,5,2,NA,2,1,11,0,2,8,NA,5,3,3,NA,10,1,1,1
1280,2,43,1,1,1,2,2,1,9,0,0,0,9,6,1,3,35,13,NA,1,NA
1281,2,32,1,1,4,1,1,2,7,0,NA,8,11,8,1,7,21,2,NA,1,1
1282,NA,22,1,1,3,1,1,1,14,2,12,NA,13,8,1,4,16,2,2,2,NA
1283,1,48,2,3,1,NA,1,1,11,0,NA,6,NA,12,4,6,17,1,NA,1,1
1284,2,36,2,1,2,3,2,NA,10,1,NA,3,14,13,2,6,16,4,NA,1,1
1285,2,28,2,1,1,2,2,1,12,1,NA,8,12,11,2,2,21,7,NA,2,1
1286,1,39,1,1,1,1,1,1,12,1,6,NA,12,12,1,3,21,5,1,2,NA
1287,2,23,2,1,1,1,1,2,14,1,12,12,14,10,2,3,20,4,2,2,2
1288,1,24,1,1,2,1,1,1,12,1,6,8,11,8,1,2,23,5,1,2,1
1289,2,27,1,1,1,2,1,NA,12,1,8,8,12,9,1,4,24,5,1,2,1
1290,2,25,1,1,2,1,1,1,12,1,12,12,12,9,3,5,19,3,2,2,2
1291,2,31,1,1,1,1,2,1,12,1,NA,14,13,13,1,7,23,0,NA,2,2
1292,1,31,1,1,3,2,2,1,12,1,8,0,9,11,1,6,20,2,1,2,NA
1293,1,44,2,1,1,2,2,2,13,1,8,11,12,16,2,2,20,2,1,2,1
1294,1,41,1,1,1,1,2,1,12,1,NA,12,12,11,1,4,17,2,NA,2,2
1295,1,42,1,1,1,1,1,1,10,0,8,7,12,16,1,3,21,8,1,1,1
1296,1,27,2,1,1,1,1,1,12,1,13,13,12,NA,1,2,25,3,2,2,2
1297,1,69,1,1,NA,1,1,1,16,3,9,9,10,9,1,2,22,4,1,2,1
1298,1,43,1,1,1,2,2,2,16,3,8,12,14,16,4,4,25,5,1,2,2
1299,1,43,2,1,1,1,1,1,18,4,12,12,16,16,2,3,23,3,2,2,2
1300,1,81,2,2,1,NA,2,2,12,1,5,5,NA,NA,2,1,19,6,1,2,1
1301,1,32,2,1,2,1,2,2,12,1,8,12,11,10,1,5,19,1,1,2,2
1302,1,38,1,1,1,1,2,2,17,3,7,9,17,13,3,3,25,4,1,2,1
1303,1,63,2,4,2,NA,2,2,3,0,NA,NA,NA,NA,2,2,20,7,NA,1,NA
1304,1,49,1,1,2,2,2,2,10,1,12,NA,12,14,3,5,19,1,2,1,NA
1305,1,31,1,1,1,1,1,1,12,1,12,12,15,13,1,4,17,2,2,2,2
1306,1,38,2,3,1,NA,1,2,14,2,15,14,NA,8,1,3,20,1,2,2,2
1307,1,41,2,1,1,1,2,2,12,1,11,11,12,NA,1,4,20,1,1,2,1
1308,1,61,2,1,NA,1,1,1,12,1,NA,8,11,11,1,2,22,1,NA,2,1
1309,1,74,1,1,NA,1,1,1,10,0,NA,8,12,NA,2,2,21,3,NA,1,1
1310,1,60,2,1,2,1,2,2,12,1,12,12,12,NA,2,2,19,12,2,2,2
1311,1,67,2,1,NA,1,1,1,14,2,16,0,8,14,3,2,19,4,2,2,NA
1312,1,60,2,1,NA,1,1,1,12,1,8,5,12,NA,1,2,19,5,1,2,1
1313,1,34,2,1,2,1,2,1,12,1,8,9,12,16,2,4,19,2,1,2,1
1314,1,63,1,2,NA,NA,1,1,13,1,4,4,NA,9,2,1,24,3,1,2,1
1315,1,21,2,1,NA,1,1,1,15,1,17,14,16,2,2,2,20,2,2,2,2
1316,1,55,1,1,1,1,1,1,12,1,NA,10,16,17,2,2,24,5,NA,2,1
1317,NA,29,2,1,NA,1,1,1,7,0,4,3,14,12,2,4,15,7,1,1,1
1318,1,58,2,1,1,2,2,1,9,0,0,0,0,8,1,3,20,12,NA,1,NA
1319,2,22,2,5,1,NA,2,2,12,1,6,NA,NA,3,2,4,NA,12,1,2,NA
1320,1,70,2,2,4,NA,1,1,5,0,NA,NA,NA,3,4,1,18,8,NA,1,NA
1321,1,81,1,2,1,NA,1,NA,9,0,NA,NA,NA,5,1,1,25,9,NA,1,NA
1322,1,71,2,1,NA,1,1,1,12,1,NA,NA,10,12,3,2,18,2,NA,2,NA
1323,1,58,1,1,3,1,2,1,13,1,8,6,11,13,3,2,24,7,1,2,1
1324,1,45,2,1,2,1,1,1,12,1,5,7,16,14,1,3,22,4,1,2,1
1325,1,70,1,1,NA,1,2,1,11,0,4,6,12,16,2,3,21,10,1,1,1
1326,1,36,2,1,NA,1,1,1,15,1,12,12,15,10,2,5,20,8,2,2,2
1327,1,24,1,5,1,NA,1,1,16,3,12,12,NA,12,2,1,NA,3,2,2,2
1328,1,49,1,1,2,2,1,1,16,3,14,12,16,17,2,3,22,1,2,2,2
1329,1,61,2,3,1,NA,2,NA,8,0,12,NA,NA,7,3,1,17,10,2,1,NA
1330,1,28,2,1,1,1,1,1,16,3,16,15,19,15,1,2,22,4,2,2,2
1331,1,33,2,1,2,2,1,1,16,3,13,12,16,NA,2,4,20,4,2,2,2
1332,1,63,2,1,1,1,1,1,12,1,0,NA,12,13,1,2,33,4,NA,2,NA
1333,1,56,2,2,2,NA,2,1,11,0,NA,NA,NA,9,3,1,20,6,NA,1,NA
1334,2,57,2,4,3,NA,2,1,9,0,NA,NA,NA,3,4,4,18,18,NA,1,NA
1335,1,34,2,5,1,NA,2,1,20,4,12,12,NA,13,2,1,NA,0,2,2,2
1336,1,69,2,2,1,NA,2,2,3,0,NA,NA,NA,3,3,1,16,7,NA,1,NA
1337,1,40,2,1,3,1,1,1,12,1,3,8,8,14,1,4,21,4,1,2,1
1338,1,29,1,1,1,1,1,2,12,1,8,12,12,10,2,3,18,2,1,2,2
1339,1,36,1,1,1,1,1,2,14,1,6,10,9,14,2,4,21,1,1,2,1
1340,1,76,1,4,NA,NA,2,2,2,0,NA,NA,NA,4,4,2,17,6,NA,1,NA
1341,1,72,2,2,1,NA,2,NA,5,0,NA,NA,NA,5,3,1,16,2,NA,1,NA
1342,2,47,2,3,2,NA,2,1,11,0,12,4,NA,1,4,4,16,9,2,1,1
1343,1,33,2,1,1,1,1,1,12,1,8,12,12,12,1,7,19,3,1,2,2
1344,1,30,1,1,1,1,1,1,12,1,12,12,12,17,2,2,22,1,2,2,2
1345,1,36,2,1,1,1,2,2,7,0,3,8,10,15,2,5,17,7,1,1,1
1346,1,33,2,1,2,2,2,1,11,0,0,0,12,11,3,4,18,6,NA,1,NA
1347,2,65,1,1,2,2,1,1,5,0,8,4,4,9,3,5,45,13,1,1,1
1348,2,61,2,1,2,1,2,2,8,0,NA,NA,NA,10,2,2,17,6,NA,1,NA
1349,2,32,2,1,1,1,1,1,17,4,8,11,12,16,2,4,25,2,1,2,1
1350,1,29,1,1,3,2,2,1,10,1,12,NA,16,16,3,3,22,2,2,1,NA
1351,2,67,2,1,NA,1,1,1,17,3,6,5,11,14,1,2,21,4,1,2,1
1352,2,65,2,2,NA,NA,2,1,11,0,5,8,NA,6,1,2,17,7,1,1,1
1353,1,41,1,3,3,NA,2,1,12,1,8,8,NA,8,2,2,22,0,1,2,1
1354,1,77,2,2,NA,NA,1,1,8,0,6,4,NA,4,3,1,19,4,1,1,1
1355,1,27,2,1,1,2,2,2,11,0,9,0,11,9,4,6,16,7,1,1,NA
1356,2,38,1,1,3,2,2,1,12,1,9,14,10,13,2,2,24,6,1,2,2
1357,2,23,2,1,2,2,2,1,12,1,NA,11,9,8,2,4,21,10,NA,2,1
1358,1,60,2,2,2,NA,2,1,9,0,8,8,NA,3,1,1,17,6,1,1,1
1359,1,25,2,1,1,1,1,1,16,3,12,12,20,12,2,2,22,1,2,2,2
1360,1,64,1,3,NA,NA,3,2,10,0,4,0,NA,1,4,1,26,3,1,1,NA
1361,NA,41,1,1,1,1,2,2,20,4,16,12,12,17,1,4,26,3,2,2,2
1362,1,50,2,1,1,1,1,1,15,2,8,12,8,14,2,4,20,3,1,2,2
1363,1,37,1,1,2,1,2,1,12,1,12,8,12,11,3,4,18,1,2,2,1
1364,1,68,1,1,NA,1,1,2,4,0,NA,NA,8,4,3,2,20,13,NA,1,NA
1365,1,48,2,1,NA,2,2,1,11,0,NA,NA,10,17,2,3,16,2,NA,1,NA
1366,1,67,2,2,2,NA,2,1,8,0,8,8,NA,3,4,1,20,6,1,1,1
1367,1,64,1,1,1,1,1,1,8,0,5,6,12,9,3,2,21,2,1,1,1
1368,1,33,2,1,1,2,1,1,15,2,16,12,12,13,2,4,19,2,2,2,2
1369,1,77,1,2,NA,NA,2,1,10,0,6,NA,NA,2,3,1,20,3,1,1,NA
1370,1,25,1,5,4,NA,1,1,8,0,4,6,NA,3,3,1,NA,8,1,1,1
1371,1,42,1,5,NA,NA,1,1,9,0,8,17,NA,9,3,3,NA,3,1,1,2
1372,1,22,1,5,3,NA,2,2,12,1,12,11,NA,14,1,5,NA,3,2,2,1
1373,1,68,1,1,2,2,2,1,10,0,8,8,9,7,3,2,22,3,1,1,1
1374,1,65,2,2,NA,NA,1,1,14,2,8,10,NA,9,3,2,23,1,1,2,1
1375,1,66,2,1,NA,1,2,1,8,0,7,6,9,11,3,2,17,0,1,1,1
1376,1,46,2,3,4,NA,2,1,10,0,NA,8,NA,2,4,2,16,6,NA,1,1
1377,1,37,2,3,1,NA,1,1,13,1,4,4,NA,12,2,5,20,5,1,2,1
1378,1,24,2,1,1,3,2,1,10,0,NA,7,5,7,3,4,15,2,NA,1,1
1379,1,62,2,1,3,2,2,2,8,0,NA,NA,5,NA,3,2,18,4,NA,1,NA
1380,1,72,2,2,1,NA,2,1,10,0,NA,10,NA,16,2,1,16,1,NA,1,1
1381,1,25,2,1,2,2,1,1,12,1,13,12,12,6,2,4,18,1,2,2,2
1382,1,30,2,1,3,2,3,1,8,0,12,4,10,10,3,5,17,6,2,1,1
1383,1,21,2,1,1,1,2,1,15,1,9,12,17,11,3,2,20,1,1,2,2
1384,1,30,2,5,3,NA,2,1,18,3,10,10,NA,11,2,1,NA,1,1,2,1
1385,1,65,1,5,NA,NA,2,1,7,0,5,6,NA,5,2,2,NA,6,1,1,1
1386,1,74,2,3,2,NA,2,1,12,1,8,8,NA,5,2,1,18,1,1,2,1
1387,1,22,1,5,2,NA,1,1,12,1,12,10,NA,16,1,4,NA,1,2,2,1
1388,1,22,2,5,NA,NA,1,1,16,3,NA,13,NA,1,1,1,NA,1,NA,2,2
1389,1,24,1,1,3,1,1,1,15,2,16,16,15,5,2,2,23,2,2,2,2
1390,1,23,1,5,NA,NA,1,1,14,2,14,13,NA,2,3,1,NA,2,2,2,2
1391,1,29,2,1,1,1,1,1,18,3,14,15,16,11,1,2,28,5,2,2,2
1392,1,21,1,5,3,NA,1,1,14,1,11,12,NA,3,2,1,NA,1,1,2,2
1393,2,59,2,1,1,1,1,1,11,1,3,NA,3,NA,3,2,19,8,1,1,NA
1394,1,53,1,5,1,NA,2,1,13,1,8,14,NA,5,1,1,NA,2,1,2,2
1395,1,38,2,3,4,NA,2,1,11,0,NA,NA,NA,1,3,3,19,10,NA,1,NA
1396,1,33,2,5,1,NA,2,1,12,1,NA,7,NA,8,1,3,NA,5,NA,2,1
1397,1,27,1,5,3,NA,2,1,16,3,16,12,NA,15,1,1,NA,6,2,2,2
1398,1,22,2,5,NA,NA,2,2,15,1,20,13,NA,1,2,3,NA,2,2,2,2
1399,1,23,1,5,NA,NA,1,1,16,1,18,16,NA,6,2,5,NA,2,2,2,2
1400,2,21,1,5,NA,NA,1,1,14,1,14,12,NA,3,1,2,NA,5,2,2,2
1401,1,65,1,1,NA,1,1,1,6,0,7,7,8,8,4,2,24,7,1,1,1
1402,1,81,2,2,NA,NA,2,1,12,1,7,7,NA,8,3,1,26,8,1,2,1
1403,1,26,1,1,1,2,2,1,9,0,NA,NA,9,8,2,4,19,1,NA,1,NA
1404,1,54,1,1,1,1,1,1,12,1,6,10,12,15,2,3,21,3,1,2,1
1405,1,67,1,1,NA,1,1,1,6,0,6,8,7,10,2,2,21,9,1,1,1
1406,1,28,2,1,2,1,2,1,13,1,12,15,15,12,1,4,20,4,2,2,2
1407,1,55,1,1,1,1,1,1,9,0,5,NA,12,12,2,2,22,6,1,1,NA
1408,1,31,2,3,1,NA,2,1,12,1,12,NA,NA,11,2,2,18,11,2,2,NA
1409,1,40,2,1,1,1,1,1,9,0,7,8,12,2,3,2,33,5,1,1,1
1410,1,63,2,3,2,NA,2,1,10,0,NA,NA,NA,9,2,1,16,7,NA,1,NA
1411,1,33,2,1,2,1,2,1,12,1,NA,11,12,15,1,3,NA,3,NA,2,1
1412,1,71,2,2,1,NA,1,1,6,0,NA,NA,NA,13,2,1,16,5,NA,1,NA
1413,1,60,2,1,2,2,2,1,12,1,12,NA,10,12,3,2,16,5,2,2,NA
1414,NA,40,1,1,1,1,1,2,7,0,NA,NA,12,5,2,6,22,6,NA,1,NA
1415,NA,38,2,1,1,1,1,2,9,0,10,0,12,11,2,5,21,8,1,1,NA
1416,NA,74,2,2,2,NA,3,1,1,0,NA,NA,NA,2,4,5,20,9,NA,1,NA
1417,NA,39,1,1,1,1,1,2,7,0,NA,NA,8,3,3,3,18,4,NA,1,NA
1418,NA,20,1,5,NA,NA,2,1,12,1,12,12,NA,15,2,5,NA,5,2,2,2
1419,NA,59,1,1,1,2,1,2,12,1,7,16,16,16,2,2,23,12,1,2,2
1420,NA,46,1,1,2,1,2,2,3,0,NA,NA,4,12,2,10,24,8,NA,1,NA
1421,NA,62,2,3,2,NA,2,1,7,0,NA,NA,NA,3,2,1,20,4,NA,1,NA
1422,NA,56,2,3,1,NA,1,1,8,0,0,3,NA,2,4,2,17,8,NA,1,1
1423,NA,26,1,5,2,NA,2,2,12,1,NA,12,NA,9,2,1,NA,1,NA,2,2
1424,NA,24,1,1,4,1,2,2,11,0,NA,11,12,11,1,2,19,8,NA,1,1
1425,NA,40,1,1,2,1,2,2,10,0,3,8,10,13,2,3,38,8,1,1,1
1426,NA,32,1,1,1,1,1,1,8,0,3,6,12,12,2,4,21,5,1,1,1
1427,NA,41,1,4,1,NA,1,1,14,1,3,7,NA,16,1,5,23,4,1,2,1
1428,1,39,1,5,3,NA,1,1,14,1,NA,16,NA,9,1,1,NA,4,NA,2,2
1429,1,46,1,3,2,NA,2,1,12,1,8,12,NA,15,2,2,20,2,1,2,2
1430,1,28,2,5,2,NA,2,1,12,1,13,12,NA,17,2,3,NA,1,2,2,2
1431,1,65,1,5,NA,NA,2,2,12,1,12,12,NA,12,2,1,NA,0,2,2,2
1432,1,34,1,5,2,NA,1,1,17,3,16,12,NA,15,2,1,NA,3,2,2,2
1433,1,27,2,1,2,1,1,1,12,1,12,14,14,17,3,3,22,2,2,2,2
1434,1,38,2,3,1,NA,1,2,13,1,12,12,NA,11,2,3,20,2,2,2,2
1435,1,27,1,5,1,NA,1,2,12,1,16,18,NA,11,2,2,NA,1,2,2,2
1436,1,41,2,1,3,2,2,2,12,1,12,12,18,15,2,3,20,3,2,2,2
1437,1,46,1,1,1,1,1,1,19,4,12,12,13,17,2,3,23,1,2,2,2
1438,1,24,1,5,2,NA,1,1,17,3,20,12,NA,8,1,3,NA,2,2,2,2
1439,NA,62,2,1,1,1,1,2,4,0,NA,NA,5,8,2,2,NA,4,NA,1,NA
1440,1,71,1,1,4,1,1,1,8,0,3,NA,4,14,1,2,23,6,1,1,NA
1441,NA,33,2,1,1,2,2,1,12,1,8,7,14,15,2,3,21,2,1,2,1
1442,1,21,1,5,1,NA,1,1,14,1,13,12,NA,16,1,3,NA,3,2,2,2
1443,1,29,2,4,2,NA,1,1,12,1,4,8,NA,8,2,3,15,11,1,2,1
1444,1,52,1,1,1,1,1,2,20,4,8,12,12,17,1,4,22,2,1,2,2
1445,1,55,1,1,4,2,1,1,12,1,8,8,12,15,2,1,25,2,1,2,1
1446,1,20,2,5,3,NA,2,NA,12,1,12,12,NA,2,3,2,NA,3,2,2,2
1447,1,33,2,4,4,NA,2,1,12,1,11,10,NA,5,2,3,20,7,1,2,1
1448,1,27,1,3,1,NA,2,1,11,1,8,14,NA,11,2,3,18,3,1,1,2
1449,1,62,2,1,1,3,1,1,11,0,8,8,12,17,2,2,18,6,1,1,1
1450,1,54,1,1,1,1,1,1,10,0,NA,5,9,11,2,2,22,17,NA,1,1
1451,NA,42,2,1,1,1,2,2,19,4,10,15,12,13,NA,2,31,3,1,2,2
1452,NA,19,1,5,3,NA,2,2,11,1,8,9,NA,3,3,2,NA,3,1,1,1
1453,NA,39,2,3,NA,NA,1,2,10,0,NA,2,NA,3,NA,6,16,6,NA,1,1
1454,NA,34,2,1,NA,1,2,1,12,1,7,8,14,7,2,4,19,5,1,2,1
1455,NA,52,1,1,2,1,2,1,7,0,8,NA,8,3,3,3,38,3,1,1,NA
1456,1,23,2,5,NA,NA,1,1,11,0,3,5,NA,4,2,3,NA,4,1,1,1
1457,1,35,2,1,2,2,2,2,15,1,12,10,16,16,3,6,20,4,2,2,1
1458,1,47,2,1,2,2,2,1,12,1,6,6,16,15,3,3,16,13,1,2,1
1459,1,26,1,5,2,NA,1,2,12,1,NA,12,NA,4,2,2,NA,5,NA,2,2
1460,1,46,2,1,1,1,1,1,12,1,12,12,12,15,2,4,17,2,2,2,2
1461,1,39,1,1,1,2,1,1,13,1,12,12,14,17,1,3,18,6,2,2,2
1462,1,41,1,1,3,2,2,1,12,1,12,NA,12,15,2,3,26,5,2,2,NA
1463,1,24,2,5,3,NA,2,1,13,1,16,12,NA,13,1,3,NA,4,2,2,2
1464,1,41,1,1,2,1,2,1,14,1,3,3,18,16,1,4,22,3,1,2,1
1465,1,77,1,1,NA,1,2,1,12,1,8,8,8,11,4,2,28,5,1,2,1
1466,1,57,2,1,1,1,2,1,12,1,8,12,12,15,2,2,25,3,1,2,2
1467,1,81,1,1,NA,1,1,1,12,1,8,NA,12,10,3,2,25,7,1,2,NA
1468,1,37,1,2,1,NA,1,1,12,1,12,8,NA,8,2,3,25,4,2,2,1
1469,1,34,1,5,1,NA,1,1,19,4,12,17,NA,15,1,1,NA,3,2,2,2
1470,1,67,1,1,NA,2,2,2,12,1,5,12,13,NA,2,3,20,1,1,2,2
1471,1,46,2,1,1,1,1,1,12,1,6,8,13,1,3,2,20,8,1,2,1
1472,1,43,1,1,1,1,1,1,12,1,12,14,12,4,1,4,28,0,2,2,2
1473,1,79,2,2,NA,NA,1,1,15,2,8,14,NA,2,2,1,20,2,1,2,2
